record_id,company_id,company_name,period_end,period_type,scenario,metric_group,metric_code,metric_name,value_numeric,value_display,unit,currency,status,source_file_or_url,source_reference,source_url,is_actual,is_proxy,notes
RU8604005359_REVENUE_2022,RU8604005359,АО «ЮТЭЙР-Вертолетные услуги»,2022-12-31,год,actual,Финансовые результаты,REVENUE,Выручка,22577808,22 577 808,тыс. руб.,RUB,подтверждено,Сводный_Анализ_Авиакомпании_2022-2026.xlsx; Ютейр.pdf,"ОФР!Ютейр-ВУ, 2022",,да,нет,
RU8604005359_EBIT_2022,RU8604005359,АО «ЮТЭЙР-Вертолетные услуги»,2022-12-31,год,actual,Финансовые результаты,EBIT,Прибыль от продаж / EBIT,1412320,1 412 320,тыс. руб.,RUB,подтверждено,Сводный_Анализ_Авиакомпании_2022-2026.xlsx; Ютейр.pdf,"ОФР!Ютейр-ВУ, 2022",,да,нет,
RU8604005359_NET_PROFIT_2022,RU8604005359,АО «ЮТЭЙР-Вертолетные услуги»,2022-12-31,год,actual,Финансовые результаты,NET_PROFIT,Чистая прибыль / убыток,-869957,-869 957,тыс. руб.,RUB,подтверждено,Сводный_Анализ_Авиакомпании_2022-2026.xlsx; Ютейр.pdf,"ОФР!Ютейр-ВУ, 2022",,да,нет,
RU8604005359_FIXED_ASSETS_2022,RU8604005359,АО «ЮТЭЙР-Вертолетные услуги»,2022-12-31,год,actual,Баланс,FIXED_ASSETS,Основные средства,17620297,17 620 297,тыс. руб.,RUB,подтверждено,Сводный_Анализ_Авиакомпании_2022-2026.xlsx; Ютейр.pdf,"Балансы!Ютейр-ВУ, 2022",,да,нет,
RU8604005359_INVENTORY_2022,RU8604005359,АО «ЮТЭЙР-Вертолетные услуги»,2022-12-31,год,actual,Баланс,INVENTORY,Запасы,755868,755 868,тыс. руб.,RUB,подтверждено,Сводный_Анализ_Авиакомпании_2022-2026.xlsx; Ютейр.pdf,"Балансы!Ютейр-ВУ, 2022",,да,нет,
RU8604005359_AR_2022,RU8604005359,АО «ЮТЭЙР-Вертолетные услуги»,2022-12-31,год,actual,Баланс,AR,Дебиторская задолженность,7326482,7 326 482,тыс. руб.,RUB,подтверждено,Сводный_Анализ_Авиакомпании_2022-2026.xlsx; Ютейр.pdf,"Балансы!Ютейр-ВУ, 2022",,да,нет,
RU8604005359_CASH_2022,RU8604005359,АО «ЮТЭЙР-Вертолетные услуги»,2022-12-31,год,actual,Баланс,CASH,Денежные средства,790258,790 258,тыс. руб.,RUB,подтверждено,Сводный_Анализ_Авиакомпании_2022-2026.xlsx; Ютейр.pdf,"Балансы!Ютейр-ВУ, 2022",,да,нет,
RU8604005359_ASSETS_2022,RU8604005359,АО «ЮТЭЙР-Вертолетные услуги»,2022-12-31,год,actual,Баланс,ASSETS,Итого активы,52375737,52 375 737,тыс. руб.,RUB,подтверждено,Сводный_Анализ_Авиакомпании_2022-2026.xlsx; Ютейр.pdf,"Балансы!Ютейр-ВУ, 2022",,да,нет,
RU8604005359_AP_2022,RU8604005359,АО «ЮТЭЙР-Вертолетные услуги»,2022-12-31,год,actual,Баланс,AP,Кредиторская задолженность,3880164,3 880 164,тыс. руб.,RUB,подтверждено,Сводный_Анализ_Авиакомпании_2022-2026.xlsx; Ютейр.pdf,"Балансы!Ютейр-ВУ, 2022",,да,нет,
RU8604005359_DEPR_PROXY_3PCT_2022,RU8604005359,АО «ЮТЭЙР-Вертолетные услуги»,2022-12-31,год,actual,Расчетные показатели,DEPR_PROXY_3PCT,Амортизация proxy = основные средства × 3%,528608.91,528 609,тыс. руб.,RUB,модельный расчет,Сводный_Анализ_Авиакомпании_2022-2026.xlsx; Ютейр.pdf,"Расчет по запросу: 3% от основных средств, 2022",,нет,да,
RU8604005359_EBITDA_PROXY_2022,RU8604005359,АО «ЮТЭЙР-Вертолетные услуги»,2022-12-31,год,actual,Расчетные показатели,EBITDA_PROXY,EBITDA proxy = EBIT + амортизация proxy,1940928.9100000001,1 940 929,тыс. руб.,RUB,модельный расчет,Сводный_Анализ_Авиакомпании_2022-2026.xlsx; Ютейр.pdf,"EBIT + 3% основных средств, 2022",,нет,да,
RU8604005359_EBIT_MARGIN_2022,RU8604005359,АО «ЮТЭЙР-Вертолетные услуги»,2022-12-31,год,actual,Рентабельность,EBIT_MARGIN,Рентабельность по выручке / EBIT margin,0.06255345957410924,"0,06",%,RUB,расчет,Сводный_Анализ_Авиакомпании_2022-2026.xlsx; Ютейр.pdf,"EBIT / выручка, 2022",,нет,да,"хранится долей, отображается как процент"
RU8604005359_NET_MARGIN_2022,RU8604005359,АО «ЮТЭЙР-Вертолетные услуги»,2022-12-31,год,actual,Рентабельность,NET_MARGIN,Рентабельность по чистой прибыли,-0.03853150846176032,"-0,04",%,RUB,расчет,Сводный_Анализ_Авиакомпании_2022-2026.xlsx; Ютейр.pdf,"Чистая прибыль / выручка, 2022",,нет,да,"хранится долей, отображается как процент"
RU8604005359_EBITDA_MARGIN_PROXY_2022,RU8604005359,АО «ЮТЭЙР-Вертолетные услуги»,2022-12-31,год,actual,Рентабельность,EBITDA_MARGIN_PROXY,Рентабельность по EBITDA proxy,0.08596622444481768,"0,09",%,RUB,модельный расчет,Сводный_Анализ_Авиакомпании_2022-2026.xlsx; Ютейр.pdf,"EBITDA proxy / выручка, 2022",,нет,да,"EBITDA рассчитана не по раскрытой амортизации, а по допущению 3% от основных средств"
RU8604005359_REVENUE_2023,RU8604005359,АО «ЮТЭЙР-Вертолетные услуги»,2023-12-31,год,actual,Финансовые результаты,REVENUE,Выручка,25907336,25 907 336,тыс. руб.,RUB,подтверждено,Сводный_Анализ_Авиакомпании_2022-2026.xlsx; Ютейр.pdf,"ОФР!Ютейр-ВУ, 2023",,да,нет,
RU8604005359_EBIT_2023,RU8604005359,АО «ЮТЭЙР-Вертолетные услуги»,2023-12-31,год,actual,Финансовые результаты,EBIT,Прибыль от продаж / EBIT,3125091,3 125 091,тыс. руб.,RUB,подтверждено,Сводный_Анализ_Авиакомпании_2022-2026.xlsx; Ютейр.pdf,"ОФР!Ютейр-ВУ, 2023",,да,нет,
RU8604005359_NET_PROFIT_2023,RU8604005359,АО «ЮТЭЙР-Вертолетные услуги»,2023-12-31,год,actual,Финансовые результаты,NET_PROFIT,Чистая прибыль / убыток,630542,630 542,тыс. руб.,RUB,подтверждено,Сводный_Анализ_Авиакомпании_2022-2026.xlsx; Ютейр.pdf,"ОФР!Ютейр-ВУ, 2023",,да,нет,
RU8604005359_FIXED_ASSETS_2023,RU8604005359,АО «ЮТЭЙР-Вертолетные услуги»,2023-12-31,год,actual,Баланс,FIXED_ASSETS,Основные средства,26815353,26 815 353,тыс. руб.,RUB,подтверждено,Сводный_Анализ_Авиакомпании_2022-2026.xlsx; Ютейр.pdf,"Балансы!Ютейр-ВУ, 2023",,да,нет,
RU8604005359_INVENTORY_2023,RU8604005359,АО «ЮТЭЙР-Вертолетные услуги»,2023-12-31,год,actual,Баланс,INVENTORY,Запасы,907312,907 312,тыс. руб.,RUB,подтверждено,Сводный_Анализ_Авиакомпании_2022-2026.xlsx; Ютейр.pdf,"Балансы!Ютейр-ВУ, 2023",,да,нет,
RU8604005359_AR_2023,RU8604005359,АО «ЮТЭЙР-Вертолетные услуги»,2023-12-31,год,actual,Баланс,AR,Дебиторская задолженность,12012230,12 012 230,тыс. руб.,RUB,подтверждено,Сводный_Анализ_Авиакомпании_2022-2026.xlsx; Ютейр.pdf,"Балансы!Ютейр-ВУ, 2023",,да,нет,
RU8604005359_CASH_2023,RU8604005359,АО «ЮТЭЙР-Вертолетные услуги»,2023-12-31,год,actual,Баланс,CASH,Денежные средства,330359,330 359,тыс. руб.,RUB,подтверждено,Сводный_Анализ_Авиакомпании_2022-2026.xlsx; Ютейр.pdf,"Балансы!Ютейр-ВУ, 2023",,да,нет,
RU8604005359_ASSETS_2023,RU8604005359,АО «ЮТЭЙР-Вертолетные услуги»,2023-12-31,год,actual,Баланс,ASSETS,Итого активы,64786164,64 786 164,тыс. руб.,RUB,подтверждено,Сводный_Анализ_Авиакомпании_2022-2026.xlsx; Ютейр.pdf,"Балансы!Ютейр-ВУ, 2023",,да,нет,
RU8604005359_AP_2023,RU8604005359,АО «ЮТЭЙР-Вертолетные услуги»,2023-12-31,год,actual,Баланс,AP,Кредиторская задолженность,6774449,6 774 449,тыс. руб.,RUB,подтверждено,Сводный_Анализ_Авиакомпании_2022-2026.xlsx; Ютейр.pdf,"Балансы!Ютейр-ВУ, 2023",,да,нет,
RU8604005359_DEPR_PROXY_3PCT_2023,RU8604005359,АО «ЮТЭЙР-Вертолетные услуги»,2023-12-31,год,actual,Расчетные показатели,DEPR_PROXY_3PCT,Амортизация proxy = основные средства × 3%,804460.59,804 461,тыс. руб.,RUB,модельный расчет,Сводный_Анализ_Авиакомпании_2022-2026.xlsx; Ютейр.pdf,"Расчет по запросу: 3% от основных средств, 2023",,нет,да,
RU8604005359_EBITDA_PROXY_2023,RU8604005359,АО «ЮТЭЙР-Вертолетные услуги»,2023-12-31,год,actual,Расчетные показатели,EBITDA_PROXY,EBITDA proxy = EBIT + амортизация proxy,3929551.59,3 929 552,тыс. руб.,RUB,модельный расчет,Сводный_Анализ_Авиакомпании_2022-2026.xlsx; Ютейр.pdf,"EBIT + 3% основных средств, 2023",,нет,да,
RU8604005359_EBIT_MARGIN_2023,RU8604005359,АО «ЮТЭЙР-Вертолетные услуги»,2023-12-31,год,actual,Рентабельность,EBIT_MARGIN,Рентабельность по выручке / EBIT margin,0.12062571775037001,"0,12",%,RUB,расчет,Сводный_Анализ_Авиакомпании_2022-2026.xlsx; Ютейр.pdf,"EBIT / выручка, 2023",,нет,да,"хранится долей, отображается как процент"
RU8604005359_NET_MARGIN_2023,RU8604005359,АО «ЮТЭЙР-Вертолетные услуги»,2023-12-31,год,actual,Рентабельность,NET_MARGIN,Рентабельность по чистой прибыли,0.024338357289996934,"0,02",%,RUB,расчет,Сводный_Анализ_Авиакомпании_2022-2026.xlsx; Ютейр.pdf,"Чистая прибыль / выручка, 2023",,нет,да,"хранится долей, отображается как процент"
RU8604005359_EBITDA_MARGIN_PROXY_2023,RU8604005359,АО «ЮТЭЙР-Вертолетные услуги»,2023-12-31,год,actual,Рентабельность,EBITDA_MARGIN_PROXY,Рентабельность по EBITDA proxy,0.15167717707447806,"0,15",%,RUB,модельный расчет,Сводный_Анализ_Авиакомпании_2022-2026.xlsx; Ютейр.pdf,"EBITDA proxy / выручка, 2023",,нет,да,"EBITDA рассчитана не по раскрытой амортизации, а по допущению 3% от основных средств"
RU8604005359_REVENUE_2024,RU8604005359,АО «ЮТЭЙР-Вертолетные услуги»,2024-12-31,год,actual,Финансовые результаты,REVENUE,Выручка,26126502,26 126 502,тыс. руб.,RUB,подтверждено,Сводный_Анализ_Авиакомпании_2022-2026.xlsx; Ютейр.pdf,"ОФР!Ютейр-ВУ, 2024",,да,нет,
RU8604005359_EBIT_2024,RU8604005359,АО «ЮТЭЙР-Вертолетные услуги»,2024-12-31,год,actual,Финансовые результаты,EBIT,Прибыль от продаж / EBIT,-325113,-325 113,тыс. руб.,RUB,подтверждено,Сводный_Анализ_Авиакомпании_2022-2026.xlsx; Ютейр.pdf,"ОФР!Ютейр-ВУ, 2024",,да,нет,
RU8604005359_NET_PROFIT_2024,RU8604005359,АО «ЮТЭЙР-Вертолетные услуги»,2024-12-31,год,actual,Финансовые результаты,NET_PROFIT,Чистая прибыль / убыток,-341859,-341 859,тыс. руб.,RUB,подтверждено,Сводный_Анализ_Авиакомпании_2022-2026.xlsx; Ютейр.pdf,"ОФР!Ютейр-ВУ, 2024",,да,нет,
RU8604005359_FIXED_ASSETS_2024,RU8604005359,АО «ЮТЭЙР-Вертолетные услуги»,2024-12-31,год,actual,Баланс,FIXED_ASSETS,Основные средства,32791902,32 791 902,тыс. руб.,RUB,подтверждено,Сводный_Анализ_Авиакомпании_2022-2026.xlsx; Ютейр.pdf,"Балансы!Ютейр-ВУ, 2024",,да,нет,
RU8604005359_INVENTORY_2024,RU8604005359,АО «ЮТЭЙР-Вертолетные услуги»,2024-12-31,год,actual,Баланс,INVENTORY,Запасы,2177082,2 177 082,тыс. руб.,RUB,подтверждено,Сводный_Анализ_Авиакомпании_2022-2026.xlsx; Ютейр.pdf,"Балансы!Ютейр-ВУ, 2024",,да,нет,
RU8604005359_AR_2024,RU8604005359,АО «ЮТЭЙР-Вертолетные услуги»,2024-12-31,год,actual,Баланс,AR,Дебиторская задолженность,10209305,10 209 305,тыс. руб.,RUB,подтверждено,Сводный_Анализ_Авиакомпании_2022-2026.xlsx; Ютейр.pdf,"Балансы!Ютейр-ВУ, 2024",,да,нет,
RU8604005359_CASH_2024,RU8604005359,АО «ЮТЭЙР-Вертолетные услуги»,2024-12-31,год,actual,Баланс,CASH,Денежные средства,517051,517 051,тыс. руб.,RUB,подтверждено,Сводный_Анализ_Авиакомпании_2022-2026.xlsx; Ютейр.pdf,"Балансы!Ютейр-ВУ, 2024",,да,нет,
RU8604005359_ASSETS_2024,RU8604005359,АО «ЮТЭЙР-Вертолетные услуги»,2024-12-31,год,actual,Баланс,ASSETS,Итого активы,67017364,67 017 364,тыс. руб.,RUB,подтверждено,Сводный_Анализ_Авиакомпании_2022-2026.xlsx; Ютейр.pdf,"Балансы!Ютейр-ВУ, 2024",,да,нет,
RU8604005359_AP_2024,RU8604005359,АО «ЮТЭЙР-Вертолетные услуги»,2024-12-31,год,actual,Баланс,AP,Кредиторская задолженность,3507169,3 507 169,тыс. руб.,RUB,подтверждено,Сводный_Анализ_Авиакомпании_2022-2026.xlsx; Ютейр.pdf,"Балансы!Ютейр-ВУ, 2024",,да,нет,
RU8604005359_DEPR_PROXY_3PCT_2024,RU8604005359,АО «ЮТЭЙР-Вертолетные услуги»,2024-12-31,год,actual,Расчетные показатели,DEPR_PROXY_3PCT,Амортизация proxy = основные средства × 3%,983757.0599999999,983 757,тыс. руб.,RUB,модельный расчет,Сводный_Анализ_Авиакомпании_2022-2026.xlsx; Ютейр.pdf,"Расчет по запросу: 3% от основных средств, 2024",,нет,да,
RU8604005359_EBITDA_PROXY_2024,RU8604005359,АО «ЮТЭЙР-Вертолетные услуги»,2024-12-31,год,actual,Расчетные показатели,EBITDA_PROXY,EBITDA proxy = EBIT + амортизация proxy,658644.0599999999,658 644,тыс. руб.,RUB,модельный расчет,Сводный_Анализ_Авиакомпании_2022-2026.xlsx; Ютейр.pdf,"EBIT + 3% основных средств, 2024",,нет,да,
RU8604005359_EBIT_MARGIN_2024,RU8604005359,АО «ЮТЭЙР-Вертолетные услуги»,2024-12-31,год,actual,Рентабельность,EBIT_MARGIN,Рентабельность по выручке / EBIT margin,-0.012443801317145326,"-0,01",%,RUB,расчет,Сводный_Анализ_Авиакомпании_2022-2026.xlsx; Ютейр.pdf,"EBIT / выручка, 2024",,нет,да,"хранится долей, отображается как процент"
RU8604005359_NET_MARGIN_2024,RU8604005359,АО «ЮТЭЙР-Вертолетные услуги»,2024-12-31,год,actual,Рентабельность,NET_MARGIN,Рентабельность по чистой прибыли,-0.013084759681950534,"-0,01",%,RUB,расчет,Сводный_Анализ_Авиакомпании_2022-2026.xlsx; Ютейр.pdf,"Чистая прибыль / выручка, 2024",,нет,да,"хранится долей, отображается как процент"
RU8604005359_EBITDA_MARGIN_PROXY_2024,RU8604005359,АО «ЮТЭЙР-Вертолетные услуги»,2024-12-31,год,actual,Рентабельность,EBITDA_MARGIN_PROXY,Рентабельность по EBITDA proxy,0.02520980650222521,"0,03",%,RUB,модельный расчет,Сводный_Анализ_Авиакомпании_2022-2026.xlsx; Ютейр.pdf,"EBITDA proxy / выручка, 2024",,нет,да,"EBITDA рассчитана не по раскрытой амортизации, а по допущению 3% от основных средств"
RU8604005359_LONG_TERM_LIABILITIES_2024,RU8604005359,АО «ЮТЭЙР-Вертолетные услуги»,2024-12-31,год,actual,BALANCE,LONG_TERM_LIABILITIES,Долгосрочные обязательства,55821338,55 821 338,тыс. руб.,RUB,подтверждено,Сводный_Анализ_Авиакомпании_2022-2026.xlsx; Ютейр.pdf,Расчетный лист / исходные строки,,да,нет,
RU8604005359_SHORT_TERM_LIABILITIES_2024,RU8604005359,АО «ЮТЭЙР-Вертолетные услуги»,2024-12-31,год,actual,BALANCE,SHORT_TERM_LIABILITIES,Краткосрочные обязательства,8686400,8 686 400,тыс. руб.,RUB,подтверждено,Сводный_Анализ_Авиакомпании_2022-2026.xlsx; Ютейр.pdf,Расчетный лист / исходные строки,,да,нет,
RU8604005359_TOTAL_LIABILITIES_2024,RU8604005359,АО «ЮТЭЙР-Вертолетные услуги»,2024-12-31,год,actual,BALANCE,TOTAL_LIABILITIES,Итого обязательства,64507738,64 507 738,тыс. руб.,RUB,расчет,Сводный_Анализ_Авиакомпании_2022-2026.xlsx; Ютейр.pdf,Расчетный лист / исходные строки,,нет,нет,
RU8604005359_EQUITY_2024,RU8604005359,АО «ЮТЭЙР-Вертолетные услуги»,2024-12-31,год,actual,BALANCE,EQUITY,Собственный капитал,2509626,2 509 626,тыс. руб.,RUB,подтверждено,Сводный_Анализ_Авиакомпании_2022-2026.xlsx; Ютейр.pdf,Расчетный лист / исходные строки,,да,нет,
RU8604005359_NET_ASSETS_2024,RU8604005359,АО «ЮТЭЙР-Вертолетные услуги»,2024-12-31,год,actual,BALANCE,NET_ASSETS,Чистые активы,2509626,2 509 626,тыс. руб.,RUB,расчет,Сводный_Анализ_Авиакомпании_2022-2026.xlsx; Ютейр.pdf,Расчетный лист / исходные строки,,нет,нет,
RU8604005359_CREDIT_DEBT_2024,RU8604005359,АО «ЮТЭЙР-Вертолетные услуги»,2024-12-31,год,actual,DEBT,CREDIT_DEBT,Кредитный долг,2100777,2 100 777,тыс. руб.,RUB,подтверждено,Сводный_Анализ_Авиакомпании_2022-2026.xlsx; Ютейр.pdf,Расчетный лист / исходные строки,,да,нет,
RU8604005359_LEASE_PAYMENT_2024,RU8604005359,АО «ЮТЭЙР-Вертолетные услуги»,2024-12-31,год,actual,DEBT,LEASE_PAYMENT,Текущий лизинговый платеж,1271836.4968018278,1 271 836,тыс. руб. в год,RUB,модельный расчет,Сводный_Анализ_Авиакомпании_2022-2026.xlsx; Ютейр.pdf,Расчетный лист / исходные строки,,нет,да,
RU8604005359_CREDIT_PAYMENT_2024,RU8604005359,АО «ЮТЭЙР-Вертолетные услуги»,2024-12-31,год,actual,DEBT,CREDIT_PAYMENT,Годовой платеж по кредитам и займам,40591853,40 591 853,тыс. руб. в год,RUB,подтверждено из приложения,Сводный_Анализ_Авиакомпании_2022-2026.xlsx; Ютейр.pdf,Расчетный лист / исходные строки,,нет,нет,
RU8604005359_ANNUAL_PAYMENT_TOTAL_2024,RU8604005359,АО «ЮТЭЙР-Вертолетные услуги»,2024-12-31,год,actual,DEBT,ANNUAL_PAYMENT_TOTAL,Годовой обязательный платеж: кредит + лизинг,41863689.49680183,41 863 689,тыс. руб. в год,RUB,расчет,Сводный_Анализ_Авиакомпании_2022-2026.xlsx; Ютейр.pdf,Расчетный лист / исходные строки,,нет,нет,
RU8604005359_DEBT_EBITDA_2024,RU8604005359,АО «ЮТЭЙР-Вертолетные услуги»,2024-12-31,год,actual,DEBT,DEBT_EBITDA,Долг / EBITDA proxy,97.94021068071274,98,x,RUB,модельный расчет,Сводный_Анализ_Авиакомпании_2022-2026.xlsx; Ютейр.pdf,Расчетный лист / исходные строки,,нет,да,
RU8604005359_OFFICIAL_CFADS_2024,RU8604005359,АО «ЮТЭЙР-Вертолетные услуги»,2024-12-31,год,actual,CASH_FLOW,OFFICIAL_CFADS,Официальный CFADS,,н/д,тыс. руб.,RUB,н/д,Приложения 2 и 3. Результаты финансового анализа эксплуатантов вертолетов.xlsx,Прил.2: CFADS и DSCR указаны как н/д,,нет,нет,"числовое значение отсутствует, причина указана в статусе"
RU8604005359_MODEL_FCF_2024,RU8604005359,АО «ЮТЭЙР-Вертолетные услуги»,2024-12-31,год,actual,CASH_FLOW,MODEL_FCF,Модельный свободный денежный поток,-263988.3,-263 988,тыс. руб.,RUB,модельный расчет,Сводный_Анализ_Авиакомпании_2022-2026.xlsx; Ютейр.pdf,Расчетный лист / исходные строки,,нет,да,
RU8604005359_OFFICIAL_DCR_2024,RU8604005359,АО «ЮТЭЙР-Вертолетные услуги»,2024-12-31,год,actual,CASH_FLOW,OFFICIAL_DCR,Официальный DCR,,н/д,x,RUB,н/д,Приложения 2 и 3. Результаты финансового анализа эксплуатантов вертолетов.xlsx,Прил.2: CFADS и DSCR указаны как н/д,,нет,нет,"числовое значение отсутствует, причина указана в статусе"
RU8604005359_DCR_EBITDA_PROXY_2024,RU8604005359,АО «ЮТЭЙР-Вертолетные услуги»,2024-12-31,год,actual,CASH_FLOW,DCR_EBITDA_PROXY,DCR по EBITDA proxy,0.01573306289810689,"0,02",x,RUB,модельный расчет,Сводный_Анализ_Авиакомпании_2022-2026.xlsx; Ютейр.pdf,Расчетный лист / исходные строки,,нет,да,
RU8604005359_DCR_FCF_PROXY_2024,RU8604005359,АО «ЮТЭЙР-Вертолетные услуги»,2024-12-31,год,actual,CASH_FLOW,DCR_FCF_PROXY,DCR по модельному FCF,-0.006305901442828333,"-0,01",x,RUB,модельный расчет,Сводный_Анализ_Авиакомпании_2022-2026.xlsx; Ютейр.pdf,Расчетный лист / исходные строки,,нет,да,
RU8604005359_LEASE_COVERAGE_FCF_2024,RU8604005359,АО «ЮТЭЙР-Вертолетные услуги»,2024-12-31,год,actual,CASH_FLOW,LEASE_COVERAGE_FCF,Покрытие текущего лизинга модельным FCF,-0.20756465211041472,"-0,21",x,RUB,модельный расчет,Сводный_Анализ_Авиакомпании_2022-2026.xlsx; Ютейр.pdf,Расчетный лист / исходные строки,,нет,да,
RU8604005359_NEW_LEASE_CAPACITY_2024,RU8604005359,АО «ЮТЭЙР-Вертолетные услуги»,2024-12-31,год,actual,LEASE_CAPACITY,NEW_LEASE_CAPACITY,Новая лизинговая емкость,0,"0,00",шт. Ми-8,RUB,модельный расчет,Рсчет лизинговой емкости по итогу 2024.xlsx,Расчетный лист / исходные строки,,нет,да,
RU8604005359_FLEET_MI8_2024,RU8604005359,АО «ЮТЭЙР-Вертолетные услуги»,2024-12-31,год,actual,OPERATIONS,FLEET_MI8,Парк вертолетов Ми-8,193,193,ед.,RUB,подтверждено,Рсчет лизинговой емкости по итогу 2024.xlsx,Расчетный лист / исходные строки,,да,нет,
RU8604005359_AVG_FLIGHT_HOURS_2024,RU8604005359,АО «ЮТЭЙР-Вертолетные услуги»,2024-12-31,год,actual,OPERATIONS,AVG_FLIGHT_HOURS,Средний налет,521,521,л.ч. в год,RUB,подтверждено,Рсчет лизинговой емкости по итогу 2024.xlsx,Расчетный лист / исходные строки,,да,нет,
RU8604005359_ANNUAL_FLEET_HOURS_2024,RU8604005359,АО «ЮТЭЙР-Вертолетные услуги»,2024-12-31,год,actual,OPERATIONS,ANNUAL_FLEET_HOURS,Расчетный годовой налет парка,100553,100 553,л.ч. в год,RUB,расчет,Рсчет лизинговой емкости по итогу 2024.xlsx,Расчетный лист / исходные строки,,нет,нет,
RU8604005359_TARIFF_PER_HOUR_MODEL_2024,RU8604005359,АО «ЮТЭЙР-Вертолетные услуги»,2024-12-31,год,actual,OPERATIONS,TARIFF_PER_HOUR_MODEL,Стоимость летного часа в модели,430000,430 000,руб. / л.ч.,RUB,модельный расчет,Рсчет лизинговой емкости по итогу 2024.xlsx,Расчетный лист / исходные строки,,нет,да,
RU8604005359_COST_PER_HOUR_MODEL_2024,RU8604005359,АО «ЮТЭЙР-Вертолетные услуги»,2024-12-31,год,actual,OPERATIONS,COST_PER_HOUR_MODEL,Себестоимость летного часа в модели,330000,330 000,руб. / л.ч.,RUB,модельный расчет,Рсчет лизинговой емкости по итогу 2024.xlsx,Расчетный лист / исходные строки,,нет,да,
RU8604005359_MARGIN_PER_HOUR_MODEL_2024,RU8604005359,АО «ЮТЭЙР-Вертолетные услуги»,2024-12-31,год,actual,OPERATIONS,MARGIN_PER_HOUR_MODEL,Маржа летного часа в модели,100000,100 000,руб. / л.ч.,RUB,модельный расчет,Рсчет лизинговой емкости по итогу 2024.xlsx,Расчетный лист / исходные строки,,нет,да,
RU8604005359_ANNUAL_CONTRIBUTION_MODEL_2024,RU8604005359,АО «ЮТЭЙР-Вертолетные услуги»,2024-12-31,год,actual,OPERATIONS,ANNUAL_CONTRIBUTION_MODEL,Расчетный вклад налета в покрытие обязательств,10055300,10 055 300,тыс. руб. в год,RUB,модельный расчет,Рсчет лизинговой емкости по итогу 2024.xlsx,Расчетный лист / исходные строки,,нет,да,
RU8604005359_FLIGHT_COVERAGE_CREDIT_2024,RU8604005359,АО «ЮТЭЙР-Вертолетные услуги»,2024-12-31,год,actual,OPERATIONS,FLIGHT_COVERAGE_CREDIT,Покрытие кредитного платежа вкладом налета,0.2477171958619381,"0,25",x,RUB,модельный расчет,Рсчет лизинговой емкости по итогу 2024.xlsx,Расчетный лист / исходные строки,,нет,да,
RU8604005359_FLIGHT_COVERAGE_LEASE_2024,RU8604005359,АО «ЮТЭЙР-Вертолетные услуги»,2024-12-31,год,actual,OPERATIONS,FLIGHT_COVERAGE_LEASE,Покрытие текущего лизинга вкладом налета,7.906126318347644,"7,91",x,RUB,модельный расчет,Рсчет лизинговой емкости по итогу 2024.xlsx,Расчетный лист / исходные строки,,нет,да,
RU8604005359_AR_TURNOVER_2024,RU8604005359,АО «ЮТЭЙР-Вертолетные услуги»,2024-12-31,год,actual,TURNOVER,AR_TURNOVER,Оборачиваемость дебиторской задолженности,2.5590872248404763,"2,56",x,RUB,proxy по конечному остатку,Сводный_Анализ_Авиакомпании_2022-2026.xlsx; Ютейр.pdf,Расчетный лист / исходные строки,,нет,да,
RU8604005359_AR_DAYS_2024,RU8604005359,АО «ЮТЭЙР-Вертолетные услуги»,2024-12-31,год,actual,TURNOVER,AR_DAYS,Период оборота дебиторской задолженности,142.6289797616229,143,дней,RUB,proxy по конечному остатку,Сводный_Анализ_Авиакомпании_2022-2026.xlsx; Ютейр.pdf,Расчетный лист / исходные строки,,нет,да,
RU8604005359_AP_TURNOVER_2024,RU8604005359,АО «ЮТЭЙР-Вертолетные услуги»,2024-12-31,год,actual,TURNOVER,AP_TURNOVER,Оборачиваемость кредиторской задолженности,7.1915995493801415,"7,19",x,RUB,proxy: себестоимость / конечный остаток,Сводный_Анализ_Авиакомпании_2022-2026.xlsx; Ютейр.pdf,Расчетный лист / исходные строки,,нет,да,
RU8604005359_AP_DAYS_2024,RU8604005359,АО «ЮТЭЙР-Вертолетные услуги»,2024-12-31,год,actual,TURNOVER,AP_DAYS,Период оборота кредиторской задолженности,50.75366022451293,51,дней,RUB,proxy: себестоимость / конечный остаток,Сводный_Анализ_Авиакомпании_2022-2026.xlsx; Ютейр.pdf,Расчетный лист / исходные строки,,нет,да,
RU8604005359_INV_TURNOVER_2024,RU8604005359,АО «ЮТЭЙР-Вертолетные услуги»,2024-12-31,год,actual,TURNOVER,INV_TURNOVER,Оборачиваемость запасов,11.585303171860316,12,x,RUB,proxy: себестоимость / конечный остаток,Сводный_Анализ_Авиакомпании_2022-2026.xlsx; Ютейр.pdf,Расчетный лист / исходные строки,,нет,да,
RU8604005359_INV_DAYS_2024,RU8604005359,АО «ЮТЭЙР-Вертолетные услуги»,2024-12-31,год,actual,TURNOVER,INV_DAYS,Период оборота запасов,31.50543361580325,32,дней,RUB,proxy: себестоимость / конечный остаток,Сводный_Анализ_Авиакомпании_2022-2026.xlsx; Ютейр.pdf,Расчетный лист / исходные строки,,нет,да,
RU8604005359_COMPANY_FOUNDING_DATE_NA,RU8604005359,АО «ЮТЭЙР-Вертолетные услуги»,2026-09-12,срез,actual,Идентификация и риски,COMPANY_FOUNDING_DATE,Дата создания компании,,35207,дата,RUB,подтверждено,https://fd.1cont.ru/contragent/1028601257783/main/scoring,видимая часть страницы scoring,https://fd.1cont.ru/contragent/1028601257783/main/scoring,да,нет,"числовое значение отсутствует, причина указана в статусе"
RU8604005359_COMPANY_CITY_NA,RU8604005359,АО «ЮТЭЙР-Вертолетные услуги»,2026-09-12,срез,actual,Идентификация и риски,COMPANY_CITY,Город регистрации,,г. Нефтеюганск,текст,RUB,подтверждено,https://fd.1cont.ru/contragent/1028601257783/main/scoring,видимая часть страницы scoring,https://fd.1cont.ru/contragent/1028601257783/main/scoring,да,нет,"числовое значение отсутствует, причина указана в статусе"
RU8604005359_COMPANY_INN_NA,RU8604005359,АО «ЮТЭЙР-Вертолетные услуги»,2026-09-12,срез,actual,Идентификация и риски,COMPANY_INN,ИНН,,8604005359,идентификатор,RUB,подтверждено,https://fd.1cont.ru/contragent/1028601257783/main/scoring,видимая часть страницы scoring,https://fd.1cont.ru/contragent/1028601257783/main/scoring,да,нет,"числовое значение отсутствует, причина указана в статусе"
RU8604005359_COMPANY_OKVED_NA,RU8604005359,АО «ЮТЭЙР-Вертолетные услуги»,2026-09-12,срез,actual,Идентификация и риски,COMPANY_OKVED,Основной ОКВЭД,,"51.21.2 - перевозка воздушным грузовым транспортом, не подчиняющимся расписанию",текст,RUB,подтверждено,https://fd.1cont.ru/contragent/1028601257783/main/scoring,видимая часть страницы scoring,https://fd.1cont.ru/contragent/1028601257783/main/scoring,да,нет,"числовое значение отсутствует, причина указана в статусе"
RU8604005359_SITE_RISK_PERCENT_NA,RU8604005359,АО «ЮТЭЙР-Вертолетные услуги»,2026-09-12,срез,actual,Идентификация и риски,SITE_RISK_PERCENT,Риск по 1cont,,50,%,RUB,подтверждено по приложенному скриншоту 1cont,https://fd.1cont.ru/contragent/1028601257783/main/scoring,видимая часть страницы scoring,https://fd.1cont.ru/contragent/1028601257783/main/scoring,да,нет,"числовое значение отсутствует, причина указана в статусе"
RU8604005359_SITE_RISK_TEXT_NA,RU8604005359,АО «ЮТЭЙР-Вертолетные услуги»,2026-09-12,срез,actual,Идентификация и риски,SITE_RISK_TEXT,Текстовый статус риска,,"Итоговый риск 50%; карта риска содержит риски залога, судов, договорных споров и отсутствия налоговых данных; также отмечены длительный срок работы, госконтракты и филиал",текст,RUB,подтверждено по приложенному скриншоту 1cont,https://fd.1cont.ru/contragent/1028601257783/main/scoring,видимая часть страницы scoring,https://fd.1cont.ru/contragent/1028601257783/main/scoring,да,нет,"числовое значение отсутствует, причина указана в статусе"
RU8604005359_TAX_RISKS_NA,RU8604005359,АО «ЮТЭЙР-Вертолетные услуги»,2026-09-12,срез,actual,Идентификация и риски,TAX_RISKS,Налоговые проблемы,,"Долги по налогам: нет по карточке 1cont за 2026 год. Сведения о налоговых платежах за 2025 год и об отсутствии налоговой задолженности раскрыты не полностью, требуется запрос у компании",текст,RUB,подтверждено частично по 1cont,https://fd.1cont.ru/contragent/1028601257783/main/scoring,видимая часть страницы scoring,https://fd.1cont.ru/contragent/1028601257783/main/scoring,да,нет,"числовое значение отсутствует, причина указана в статусе"
RU8604005359_COURT_RISKS_NA,RU8604005359,АО «ЮТЭЙР-Вертолетные услуги»,2026-09-12,срез,actual,Идентификация и риски,COURT_RISKS,Судебные проблемы,,"За последний год компания указана ответчиком в 20 делах; общая сумма исков 162,5 млн руб. Отмечен высокий риск судов и договорные споры",текст,RUB,подтверждено по приложенному скриншоту 1cont,https://fd.1cont.ru/contragent/1028601257783/main/scoring,видимая часть страницы scoring,https://fd.1cont.ru/contragent/1028601257783/main/scoring,да,нет,"числовое значение отсутствует, причина указана в статусе"
RU8604005359_COUNTERPARTY_LINKS_NA,RU8604005359,АО «ЮТЭЙР-Вертолетные услуги»,2026-09-12,срез,actual,Идентификация и риски,COUNTERPARTY_LINKS,Контрагенты и связи,,Ранее заключались госконтракты; компания не состоит в реестре недобросовестных поставщиков. Есть 1 филиал. Руководитель связан только с этой компанией по данным карточки,текст,RUB,подтверждено по приложенному скриншоту 1cont,https://fd.1cont.ru/contragent/1028601257783/main/scoring,видимая часть страницы scoring,https://fd.1cont.ru/contragent/1028601257783/main/scoring,да,нет,"числовое значение отсутствует, причина указана в статусе"
RU8604005359_BANKRUPTCY_RISK_NA,RU8604005359,АО «ЮТЭЙР-Вертолетные услуги»,2026-09-12,срез,actual,Идентификация и риски,BANKRUPTCY_RISK,Признаки банкротства,,В приложенных материалах отдельный признак банкротства не указан; требуется отдельная проверка реестров,текст,RUB,требует отдельной проверки,https://fd.1cont.ru/contragent/1028601257783/main/scoring,видимая часть страницы scoring,https://fd.1cont.ru/contragent/1028601257783/main/scoring,да,нет,"числовое значение отсутствует, причина указана в статусе"
RU8604005359_SANCTIONS_115FZ_NA,RU8604005359,АО «ЮТЭЙР-Вертолетные услуги»,2026-09-12,срез,actual,Идентификация и риски,SANCTIONS_115FZ,115-ФЗ / блокировки счетов,,Блокировок счетов ФНС нет на 13.09.2026. Риск подозрительных операций ЦБ РФ: низкий на 03.03.2026,текст,RUB,подтверждено по приложенному скриншоту 1cont,https://fd.1cont.ru/contragent/1028601257783/main/scoring,видимая часть страницы scoring,https://fd.1cont.ru/contragent/1028601257783/main/scoring,да,нет,"числовое значение отсутствует, причина указана в статусе"
RU8604005359_COMPANY_AGE_YEARS_NA,RU8604005359,АО «ЮТЭЙР-Вертолетные услуги»,2026-09-12,срез,actual,Идентификация и риски,COMPANY_AGE_YEARS,Возраст компании,30,30,лет,RUB,подтверждено,ютейр риски 2.pdf; Ютейр риски 1.pdf; Ютейр риски.pdf; Ютейр счета.pdf,страница/график из приложенного PDF,https://fd.1cont.ru/contragent/1028601257783/main/scoring,да,нет,
RU8604005359_BRANCH_COUNT_NA,RU8604005359,АО «ЮТЭЙР-Вертолетные услуги»,2026-09-12,срез,actual,Идентификация и риски,BRANCH_COUNT,Количество филиалов,1,"1,00",ед.,RUB,подтверждено,ютейр риски 2.pdf; Ютейр риски 1.pdf; Ютейр риски.pdf; Ютейр счета.pdf,страница/график из приложенного PDF,https://fd.1cont.ru/contragent/1028601257783/main/scoring,да,нет,
RU8604005359_GOV_CONTRACTS_FLAG_NA,RU8604005359,АО «ЮТЭЙР-Вертолетные услуги»,2026-09-12,срез,actual,Идентификация и риски,GOV_CONTRACTS_FLAG,Есть заключённые госконтракты,1,"1,00",флаг,RUB,подтверждено,ютейр риски 2.pdf; Ютейр риски 1.pdf; Ютейр риски.pdf; Ютейр счета.pdf,страница/график из приложенного PDF,https://fd.1cont.ru/contragent/1028601257783/main/scoring,да,нет,
RU8604005359_PERSONAL_DATA_REGISTER_FLAG_NA,RU8604005359,АО «ЮТЭЙР-Вертолетные услуги»,2026-09-12,срез,actual,Идентификация и риски,PERSONAL_DATA_REGISTER_FLAG,Есть в реестре операторов персональных данных,1,"1,00",флаг,RUB,подтверждено,ютейр риски 2.pdf; Ютейр риски 1.pdf; Ютейр риски.pdf; Ютейр счета.pdf,страница/график из приложенного PDF,https://fd.1cont.ru/contragent/1028601257783/main/scoring,да,нет,
RU8604005359_MSP_REGISTER_FLAG_NA,RU8604005359,АО «ЮТЭЙР-Вертолетные услуги»,2026-09-12,срез,actual,Идентификация и риски,MSP_REGISTER_FLAG,В реестре МСП,0,"0,00",флаг,RUB,подтверждено,ютейр риски 2.pdf; Ютейр риски 1.pdf; Ютейр риски.pdf; Ютейр счета.pdf,страница/график из приложенного PDF,https://fd.1cont.ru/contragent/1028601257783/main/scoring,да,нет,
RU8604005359_DISQUALIFICATION_FLAG_NA,RU8604005359,АО «ЮТЭЙР-Вертолетные услуги»,2026-09-12,срез,actual,Идентификация и риски,DISQUALIFICATION_FLAG,Дисквалификация,0,"0,00",флаг,RUB,подтверждено,ютейр риски 2.pdf; Ютейр риски 1.pdf; Ютейр риски.pdf; Ютейр счета.pdf,страница/график из приложенного PDF,https://fd.1cont.ru/contragent/1028601257783/main/scoring,да,нет,
RU8604005359_MASS_MANAGER_FLAG_NA,RU8604005359,АО «ЮТЭЙР-Вертолетные услуги»,2026-09-12,срез,actual,Идентификация и риски,MASS_MANAGER_FLAG,Массовый руководитель,0,"0,00",флаг,RUB,подтверждено,ютейр риски 2.pdf; Ютейр риски 1.pdf; Ютейр риски.pdf; Ютейр счета.pdf,страница/график из приложенного PDF,https://fd.1cont.ru/contragent/1028601257783/main/scoring,да,нет,
RU8604005359_MASS_FOUNDER_FLAG_NA,RU8604005359,АО «ЮТЭЙР-Вертолетные услуги»,2026-09-12,срез,actual,Идентификация и риски,MASS_FOUNDER_FLAG,Массовый учредитель,0,"0,00",флаг,RUB,подтверждено,ютейр риски 2.pdf; Ютейр риски 1.pdf; Ютейр риски.pdf; Ютейр счета.pdf,страница/график из приложенного PDF,https://fd.1cont.ru/contragent/1028601257783/main/scoring,да,нет,
RU8604005359_ACCOUNT_BLOCKS_COUNT_NA,RU8604005359,АО «ЮТЭЙР-Вертолетные услуги»,2026-09-12,срез,actual,Идентификация и риски,ACCOUNT_BLOCKS_COUNT,Заблокированные счета ФНС,0,"0,00",ед.,RUB,подтверждено,ютейр риски 2.pdf; Ютейр риски 1.pdf; Ютейр риски.pdf; Ютейр счета.pdf,страница/график из приложенного PDF,https://fd.1cont.ru/contragent/1028601257783/main/scoring,да,нет,
RU8604005359_SUSPICIOUS_OPERATIONS_RISK_NA,RU8604005359,АО «ЮТЭЙР-Вертолетные услуги»,2026-09-12,срез,actual,Идентификация и риски,SUSPICIOUS_OPERATIONS_RISK,Риск подозрительных банковских операций,,низкий,текст,RUB,подтверждено,ютейр риски 2.pdf; Ютейр риски 1.pdf; Ютейр риски.pdf; Ютейр счета.pdf,страница/график из приложенного PDF,https://fd.1cont.ru/contragent/1028601257783/main/scoring,да,нет,"числовое значение отсутствует, причина указана в статусе"
RU8604005359_PLEDGE_MEASURES_COUNT_NA,RU8604005359,АО «ЮТЭЙР-Вертолетные услуги»,2026-09-12,срез,actual,Идентификация и риски,PLEDGE_MEASURES_COUNT,Количество обеспечительных мер ФНС,2,"2,00",ед.,RUB,подтверждено,ютейр риски 2.pdf; Ютейр риски 1.pdf; Ютейр риски.pdf; Ютейр счета.pdf,страница/график из приложенного PDF,https://fd.1cont.ru/contragent/1028601257783/main/scoring,да,нет,
RU8604005359_PLEDGE_DATE_NA,RU8604005359,АО «ЮТЭЙР-Вертолетные услуги»,2026-09-12,срез,actual,Идентификация и риски,PLEDGE_DATE,Дата залога имущества,,44180,дата,RUB,подтверждено,ютейр риски 2.pdf; Ютейр риски 1.pdf; Ютейр риски.pdf; Ютейр счета.pdf,страница/график из приложенного PDF,https://fd.1cont.ru/contragent/1028601257783/main/scoring,да,нет,"числовое значение отсутствует, причина указана в статусе"
RU8604005359_PLEDGED_PROPERTY_TEXT_NA,RU8604005359,АО «ЮТЭЙР-Вертолетные услуги»,2026-09-12,срез,actual,Идентификация и риски,PLEDGED_PROPERTY_TEXT,Предмет залога,,"Земельный участок 89:03:020301:24 и склад ГСМ 89:03:020301:951, Ямало-Ненецкий АО, с. Мыс-Каменный",текст,RUB,подтверждено,ютейр риски 2.pdf; Ютейр риски 1.pdf; Ютейр риски.pdf; Ютейр счета.pdf,страница/график из приложенного PDF,https://fd.1cont.ru/contragent/1028601257783/main/scoring,да,нет,"числовое значение отсутствует, причина указана в статусе"
RU8604005359_COURT_DEFENDANT_2024_NA,RU8604005359,АО «ЮТЭЙР-Вертолетные услуги»,2026-09-12,срез,actual,Идентификация и риски,COURT_DEFENDANT_2024,"Суды: дел в роли ответчика, 2024",6,"6,00",дел,RUB,подтверждено,ютейр риски 2.pdf; Ютейр риски 1.pdf; Ютейр риски.pdf; Ютейр счета.pdf,страница/график из приложенного PDF,https://fd.1cont.ru/contragent/1028601257783/main/scoring,да,нет,
RU8604005359_COURT_PLAINTIFF_2024_NA,RU8604005359,АО «ЮТЭЙР-Вертолетные услуги»,2026-09-12,срез,actual,Идентификация и риски,COURT_PLAINTIFF_2024,"Суды: дел в роли истца, 2024",7,"7,00",дел,RUB,подтверждено,ютейр риски 2.pdf; Ютейр риски 1.pdf; Ютейр риски.pdf; Ютейр счета.pdf,страница/график из приложенного PDF,https://fd.1cont.ru/contragent/1028601257783/main/scoring,да,нет,
RU8604005359_COURT_DEFENDANT_2025_NA,RU8604005359,АО «ЮТЭЙР-Вертолетные услуги»,2026-09-12,срез,actual,Идентификация и риски,COURT_DEFENDANT_2025,"Суды: дел в роли ответчика, 2025",15,15,дел,RUB,подтверждено,ютейр риски 2.pdf; Ютейр риски 1.pdf; Ютейр риски.pdf; Ютейр счета.pdf,страница/график из приложенного PDF,https://fd.1cont.ru/contragent/1028601257783/main/scoring,да,нет,
RU8604005359_COURT_PLAINTIFF_2025_NA,RU8604005359,АО «ЮТЭЙР-Вертолетные услуги»,2026-09-12,срез,actual,Идентификация и риски,COURT_PLAINTIFF_2025,"Суды: дел в роли истца, 2025",3,"3,00",дел,RUB,подтверждено,ютейр риски 2.pdf; Ютейр риски 1.pdf; Ютейр риски.pdf; Ютейр счета.pdf,страница/график из приложенного PDF,https://fd.1cont.ru/contragent/1028601257783/main/scoring,да,нет,
RU8604005359_COURT_DEFENDANT_2026_NA,RU8604005359,АО «ЮТЭЙР-Вертолетные услуги»,2026-09-12,срез,actual,Идентификация и риски,COURT_DEFENDANT_2026,"Суды: дел в роли ответчика, 2026",6,"6,00",дел,RUB,подтверждено,ютейр риски 2.pdf; Ютейр риски 1.pdf; Ютейр риски.pdf; Ютейр счета.pdf,страница/график из приложенного PDF,https://fd.1cont.ru/contragent/1028601257783/main/scoring,да,нет,
RU8604005359_COURT_PLAINTIFF_2026_NA,RU8604005359,АО «ЮТЭЙР-Вертолетные услуги»,2026-09-12,срез,actual,Идентификация и риски,COURT_PLAINTIFF_2026,"Суды: дел в роли истца, 2026",3,"3,00",дел,RUB,подтверждено,ютейр риски 2.pdf; Ютейр риски 1.pdf; Ютейр риски.pdf; Ютейр счета.pdf,страница/график из приложенного PDF,https://fd.1cont.ru/contragent/1028601257783/main/scoring,да,нет,
RU8604005359_COURT_DEFENDANT_CLAIMS_2024_NA,RU8604005359,АО «ЮТЭЙР-Вертолетные услуги»,2026-09-12,срез,actual,Идентификация и риски,COURT_DEFENDANT_CLAIMS_2024,"Сумма исков в роли ответчика, 2024",2700,2 700,тыс. руб.,RUB,подтверждено,ютейр риски 2.pdf; Ютейр риски 1.pdf; Ютейр риски.pdf; Ютейр счета.pdf,страница/график из приложенного PDF,https://fd.1cont.ru/contragent/1028601257783/main/scoring,да,нет,
RU8604005359_COURT_PLAINTIFF_CLAIMS_2024_NA,RU8604005359,АО «ЮТЭЙР-Вертолетные услуги»,2026-09-12,срез,actual,Идентификация и риски,COURT_PLAINTIFF_CLAIMS_2024,"Сумма исков в роли истца, 2024",11600,11 600,тыс. руб.,RUB,подтверждено,ютейр риски 2.pdf; Ютейр риски 1.pdf; Ютейр риски.pdf; Ютейр счета.pdf,страница/график из приложенного PDF,https://fd.1cont.ru/contragent/1028601257783/main/scoring,да,нет,
RU8604005359_COURT_DEFENDANT_CLAIMS_2025_NA,RU8604005359,АО «ЮТЭЙР-Вертолетные услуги»,2026-09-12,срез,actual,Идентификация и риски,COURT_DEFENDANT_CLAIMS_2025,"Сумма исков в роли ответчика, 2025",17400,17 400,тыс. руб.,RUB,подтверждено,ютейр риски 2.pdf; Ютейр риски 1.pdf; Ютейр риски.pdf; Ютейр счета.pdf,страница/график из приложенного PDF,https://fd.1cont.ru/contragent/1028601257783/main/scoring,да,нет,
RU8604005359_COURT_PLAINTIFF_CLAIMS_2025_NA,RU8604005359,АО «ЮТЭЙР-Вертолетные услуги»,2026-09-12,срез,actual,Идентификация и риски,COURT_PLAINTIFF_CLAIMS_2025,"Сумма исков в роли истца, 2025",40300,40 300,тыс. руб.,RUB,подтверждено,ютейр риски 2.pdf; Ютейр риски 1.pdf; Ютейр риски.pdf; Ютейр счета.pdf,страница/график из приложенного PDF,https://fd.1cont.ru/contragent/1028601257783/main/scoring,да,нет,
RU8604005359_COURT_DEFENDANT_CLAIMS_2026_NA,RU8604005359,АО «ЮТЭЙР-Вертолетные услуги»,2026-09-12,срез,actual,Идентификация и риски,COURT_DEFENDANT_CLAIMS_2026,"Сумма исков в роли ответчика, 2026",3700,3 700,тыс. руб.,RUB,подтверждено,ютейр риски 2.pdf; Ютейр риски 1.pdf; Ютейр риски.pdf; Ютейр счета.pdf,страница/график из приложенного PDF,https://fd.1cont.ru/contragent/1028601257783/main/scoring,да,нет,
RU8604005359_COURT_PLAINTIFF_CLAIMS_2026_NA,RU8604005359,АО «ЮТЭЙР-Вертолетные услуги»,2026-09-12,срез,actual,Идентификация и риски,COURT_PLAINTIFF_CLAIMS_2026,"Сумма исков в роли истца, 2026",54200,54 200,тыс. руб.,RUB,подтверждено,ютейр риски 2.pdf; Ютейр риски 1.pdf; Ютейр риски.pdf; Ютейр счета.pdf,страница/график из приложенного PDF,https://fd.1cont.ru/contragent/1028601257783/main/scoring,да,нет,
RU8604005359_ENFORCEMENT_OPEN_2024_NA,RU8604005359,АО «ЮТЭЙР-Вертолетные услуги»,2026-09-12,срез,actual,Идентификация и риски,ENFORCEMENT_OPEN_2024,"Открытые исполнительные производства, 2024",0,"0,00",дел,RUB,подтверждено,ютейр риски 2.pdf; Ютейр риски 1.pdf; Ютейр риски.pdf; Ютейр счета.pdf,страница/график из приложенного PDF,https://fd.1cont.ru/contragent/1028601257783/main/scoring,да,нет,
RU8604005359_ENFORCEMENT_EXECUTED_2024_NA,RU8604005359,АО «ЮТЭЙР-Вертолетные услуги»,2026-09-12,срез,actual,Идентификация и риски,ENFORCEMENT_EXECUTED_2024,"Исполненные исполнительные производства, 2024",4,"4,00",дел,RUB,подтверждено,ютейр риски 2.pdf; Ютейр риски 1.pdf; Ютейр риски.pdf; Ютейр счета.pdf,страница/график из приложенного PDF,https://fd.1cont.ru/contragent/1028601257783/main/scoring,да,нет,
RU8604005359_ENFORCEMENT_OPEN_2025_NA,RU8604005359,АО «ЮТЭЙР-Вертолетные услуги»,2026-09-12,срез,actual,Идентификация и риски,ENFORCEMENT_OPEN_2025,"Открытые исполнительные производства, 2025",0,"0,00",дел,RUB,подтверждено,ютейр риски 2.pdf; Ютейр риски 1.pdf; Ютейр риски.pdf; Ютейр счета.pdf,страница/график из приложенного PDF,https://fd.1cont.ru/contragent/1028601257783/main/scoring,да,нет,
RU8604005359_ENFORCEMENT_EXECUTED_2025_NA,RU8604005359,АО «ЮТЭЙР-Вертолетные услуги»,2026-09-12,срез,actual,Идентификация и риски,ENFORCEMENT_EXECUTED_2025,"Исполненные исполнительные производства, 2025",8,"8,00",дел,RUB,подтверждено,ютейр риски 2.pdf; Ютейр риски 1.pdf; Ютейр риски.pdf; Ютейр счета.pdf,страница/график из приложенного PDF,https://fd.1cont.ru/contragent/1028601257783/main/scoring,да,нет,
RU8604005359_ENFORCEMENT_OPEN_2026_NA,RU8604005359,АО «ЮТЭЙР-Вертолетные услуги»,2026-09-12,срез,actual,Идентификация и риски,ENFORCEMENT_OPEN_2026,"Открытые исполнительные производства, 2026",0,"0,00",дел,RUB,подтверждено,ютейр риски 2.pdf; Ютейр риски 1.pdf; Ютейр риски.pdf; Ютейр счета.pdf,страница/график из приложенного PDF,https://fd.1cont.ru/contragent/1028601257783/main/scoring,да,нет,
RU8604005359_ENFORCEMENT_EXECUTED_2026_NA,RU8604005359,АО «ЮТЭЙР-Вертолетные услуги»,2026-09-12,срез,actual,Идентификация и риски,ENFORCEMENT_EXECUTED_2026,"Исполненные исполнительные производства, 2026",1,"1,00",дел,RUB,подтверждено,ютейр риски 2.pdf; Ютейр риски 1.pdf; Ютейр риски.pdf; Ютейр счета.pdf,страница/график из приложенного PDF,https://fd.1cont.ru/contragent/1028601257783/main/scoring,да,нет,
RU8604005359_LEASE_CONTRACTS_COUNT_DOCX_NA,RU8604005359,АО «ЮТЭЙР-Вертолетные услуги»,2026-09-12,срез,actual,Лизинг и флот,LEASE_CONTRACTS_COUNT_DOCX,Зарегистрированные договоры лизинга по приложенному документу,25,25,договоров,RUB,подтверждено,Взяли имущество в лизинг Ютнйр.docx,перечень имущества в лизинге,,да,нет,
RU8604005359_LEASE_MI8_ASSET_COUNT_DOCX_NA,RU8604005359,АО «ЮТЭЙР-Вертолетные услуги»,2026-09-12,срез,actual,Лизинг и флот,LEASE_MI8_ASSET_COUNT_DOCX,Воздушные суда Ми-8 в перечне имущества в лизинге,25,25,ед.,RUB,подтверждено,Взяли имущество в лизинг Ютнйр.docx,перечень имущества в лизинге,,да,нет,
RU8604005359_LEASE_TERM_END_LATEST_DOCX_NA,RU8604005359,АО «ЮТЭЙР-Вертолетные услуги»,2026-09-12,срез,actual,Лизинг и флот,LEASE_TERM_END_LATEST_DOCX,Максимальный срок лизинга по перечню,,20.12.2039,дата,RUB,подтверждено,Взяли имущество в лизинг Ютнйр.docx,перечень имущества в лизинге,,да,нет,"числовое значение отсутствует, причина указана в статусе"
RU8604005359_LEASE_ASSET_REG_NUMBERS_DOCX_NA,RU8604005359,АО «ЮТЭЙР-Вертолетные услуги»,2026-09-12,срез,actual,Лизинг и флот,LEASE_ASSET_REG_NUMBERS_DOCX,Регистрационные номера ВС в перечне,,"RA-22614, RA-22620, RA-22581, RA-22599, RA-22610, RA-22571, RA-22570, RA-22591, RA-22572, RA-22597, RA-22172, RA-22655, RA-22658, RA-22269, RA-22268, RA-22171, RA-22221, RA-22254, RA-22252, RA-22179, RA-22245, RA-22250, RA-22249, RA-22251, RA-22242",текст,RUB,подтверждено,Взяли имущество в лизинг Ютнйр.docx,перечень имущества в лизинге,,да,нет,"числовое значение отсутствует, причина указана в статусе"
RU8604005359_FLEET_DATABASE_TOTAL_2026,RU8604005359,АО «ЮТЭЙР-Вертолетные услуги»,2026-12-31,срез/модель,actual,Флот и ЦСРТ,FLEET_DATABASE_TOTAL,Полный парк ВС в базе ЦСРТ по оператору,243,243,ед.,RUB,подтверждено,Приложение 1. База данных вертолетов эксплуатантов РФ июнь 2026 - 1323 единицы в16 24 06 2026 .xlsx,"лист 1323 (2), строки оператора ЮТэйр-Вертолетные услуги",,да,нет,
RU8604005359_FLEET_DATABASE_MI8_2026,RU8604005359,АО «ЮТЭЙР-Вертолетные услуги»,2026-12-31,срез/модель,actual,Флот и ЦСРТ,FLEET_DATABASE_MI8,Парк Ми-8 в полной базе ЦСРТ по оператору,199,199,ед.,RUB,расчет по базе,Приложение 1. База данных вертолетов эксплуатантов РФ июнь 2026 - 1323 единицы в16 24 06 2026 .xlsx,"лист 1323 (2), строки оператора ЮТэйр-Вертолетные услуги",,да,да,
RU8604005359_FLEET_DATABASE_ACTIVE_2026,RU8604005359,АО «ЮТЭЙР-Вертолетные услуги»,2026-12-31,срез/модель,actual,Флот и ЦСРТ,FLEET_DATABASE_ACTIVE,Активные ВС в полной базе ЦСРТ по оператору,189,189,ед.,RUB,расчет по базе,Приложение 1. База данных вертолетов эксплуатантов РФ июнь 2026 - 1323 единицы в16 24 06 2026 .xlsx,"лист 1323 (2), строки оператора ЮТэйр-Вертолетные услуги",,да,да,
RU8604005359_FLEET_DATABASE_AVG_AGE_2026,RU8604005359,АО «ЮТЭЙР-Вертолетные услуги»,2026-12-31,срез/модель,actual,Флот и ЦСРТ,FLEET_DATABASE_AVG_AGE,Средний возраст ВС по полной базе ЦСРТ,31.93415637860082,32,лет,RUB,расчет по базе,Приложение 1. База данных вертолетов эксплуатантов РФ июнь 2026 - 1323 единицы в16 24 06 2026 .xlsx,"лист 1323 (2), строки оператора ЮТэйр-Вертолетные услуги",,да,да,
RU8604005359_FLEET_DATABASE_AVG_FORECAST_HOURS_2026,RU8604005359,АО «ЮТЭЙР-Вертолетные услуги»,2026-12-31,срез/модель,actual,Флот и ЦСРТ,FLEET_DATABASE_AVG_FORECAST_HOURS,Средний прогнозный налет по полной базе ЦСРТ,501.1842797591648,501,л.ч. в год,RUB,расчет по базе,Приложение 1. База данных вертолетов эксплуатантов РФ июнь 2026 - 1323 единицы в16 24 06 2026 .xlsx,"лист 1323 (2), строки оператора ЮТэйр-Вертолетные услуги",,да,да,
RU8604005359_FLEET_DATABASE_STATUS_TEXT_2026,RU8604005359,АО «ЮТЭЙР-Вертолетные услуги»,2026-12-31,срез/модель,actual,Флот и ЦСРТ,FLEET_DATABASE_STATUS_TEXT,Статусы ВС в полной базе ЦСРТ,,Активен: 189; хранение: 22; активен/требуется продление СЛГ: 20; прочие статусы: 12,текст,RUB,расчет по базе,Приложение 1. База данных вертолетов эксплуатантов РФ июнь 2026 - 1323 единицы в16 24 06 2026 .xlsx,"лист 1323 (2), строки оператора ЮТэйр-Вертолетные услуги",,да,да,"числовое значение отсутствует, причина указана в статусе"
RU8604005359_FLEET_MI8_FIN_ANALYSIS_2026,RU8604005359,АО «ЮТЭЙР-Вертолетные услуги»,2026-12-31,срез/модель,actual,Флот и ЦСРТ,FLEET_MI8_FIN_ANALYSIS,Парк Ми-8 в приложении финансового анализа,193,193,ед.,RUB,подтверждено,Приложения 2 и 3. Результаты финансового анализа эксплуатантов вертолетов.xlsx,"Прил.2, строка Ютэйр-Вертолетные Услуги",,да,нет,
RU8604005359_FLEET_MI8_AVG_AGE_FIN_ANALYSIS_2026,RU8604005359,АО «ЮТЭЙР-Вертолетные услуги»,2026-12-31,срез/модель,actual,Флот и ЦСРТ,FLEET_MI8_AVG_AGE_FIN_ANALYSIS,Средний возраст парка в приложении финансового анализа,33.5,34,лет,RUB,подтверждено,Приложения 2 и 3. Результаты финансового анализа эксплуатантов вертолетов.xlsx,"Прил.2, строка Ютэйр-Вертолетные Услуги",,да,нет,
RU8604005359_FEM_MI8_CONTRACT_VALUE_2026,RU8604005359,АО «ЮТЭЙР-Вертолетные услуги»,2026-12-31,срез/модель,actual,ФЭМ Ми-8,FEM_MI8_CONTRACT_VALUE,Сумма договора лизинга 1 Ми-8 в ФЭМ,870745.4367825332,870 745,тыс. руб.,RUB,модельный расчет,Приложение 4. ФЭМ Ми-8 в10 итог 23 06 2026.xlsx,листы Допущения и Расчет DSCR,,нет,да,
RU8604005359_FEM_MI8_TERM_MONTHS_2026,RU8604005359,АО «ЮТЭЙР-Вертолетные услуги»,2026-12-31,срез/модель,actual,ФЭМ Ми-8,FEM_MI8_TERM_MONTHS,Срок лизинга 1 Ми-8 в ФЭМ,120,120,мес.,RUB,модельный расчет,Приложение 4. ФЭМ Ми-8 в10 итог 23 06 2026.xlsx,листы Допущения и Расчет DSCR,,нет,да,
RU8604005359_FEM_MI8_LEASE_PAYMENT_MONTHLY_2026,RU8604005359,АО «ЮТЭЙР-Вертолетные услуги»,2026-12-31,срез/модель,actual,ФЭМ Ми-8,FEM_MI8_LEASE_PAYMENT_MONTHLY,Лизинговый платеж 1 Ми-8 в ФЭМ,2835.818122608444,2 836,тыс. руб. в месяц,RUB,модельный расчет,Приложение 4. ФЭМ Ми-8 в10 итог 23 06 2026.xlsx,листы Допущения и Расчет DSCR,,нет,да,
RU8604005359_FEM_MI8_LEASE_PAYMENT_ANNUAL_2026,RU8604005359,АО «ЮТЭЙР-Вертолетные услуги»,2026-12-31,срез/модель,actual,ФЭМ Ми-8,FEM_MI8_LEASE_PAYMENT_ANNUAL,Годовой лизинговый платеж 1 Ми-8 в ФЭМ,34029.81747130133,34 030,тыс. руб. в год,RUB,модельный расчет,Приложение 4. ФЭМ Ми-8 в10 итог 23 06 2026.xlsx,листы Допущения и Расчет DSCR,,нет,да,
RU8604005359_FEM_MI8_LEASE_PAYMENT_UNSUBSIDIZED_2026,RU8604005359,АО «ЮТЭЙР-Вертолетные услуги»,2026-12-31,срез/модель,actual,ФЭМ Ми-8,FEM_MI8_LEASE_PAYMENT_UNSUBSIDIZED,Лизинговый платеж без субсидии 1 Ми-8 в ФЭМ,85074.5436782533,85 075,тыс. руб. в год,RUB,модельный расчет,Приложение 4. ФЭМ Ми-8 в10 итог 23 06 2026.xlsx,листы Допущения и Расчет DSCR,,нет,да,
RU8604005359_FEM_MI8_SUBSIDY_RATE_2026,RU8604005359,АО «ЮТЭЙР-Вертолетные услуги»,2026-12-31,срез/модель,actual,ФЭМ Ми-8,FEM_MI8_SUBSIDY_RATE,Субсидия лизинговой ставки в ФЭМ,0.6,"0,60",доля,RUB,допущение ФЭМ,Приложение 4. ФЭМ Ми-8 в10 итог 23 06 2026.xlsx,листы Допущения и Расчет DSCR,,нет,да,
RU8604005359_FEM_MI8_BUYOUT_PAYMENT_2026,RU8604005359,АО «ЮТЭЙР-Вертолетные услуги»,2026-12-31,срез/модель,actual,ФЭМ Ми-8,FEM_MI8_BUYOUT_PAYMENT,Выкупной платеж 1 Ми-8 в ФЭМ,20000,20 000,тыс. руб.,RUB,модельный расчет,Приложение 4. ФЭМ Ми-8 в10 итог 23 06 2026.xlsx,листы Допущения и Расчет DSCR,,нет,да,
RU8604005359_FEM_MI8_FLIGHT_HOURS_2026,RU8604005359,АО «ЮТЭЙР-Вертолетные услуги»,2026-12-31,срез/модель,actual,ФЭМ Ми-8,FEM_MI8_FLIGHT_HOURS,Налет 1 Ми-8 в год в ФЭМ,350,350,л.ч. в год,RUB,допущение ФЭМ,Приложение 4. ФЭМ Ми-8 в10 итог 23 06 2026.xlsx,листы Допущения и Расчет DSCR,,нет,да,
RU8604005359_FEM_MI8_HOUR_RATE_SCENARIO_1_2026,RU8604005359,АО «ЮТЭЙР-Вертолетные услуги»,2026-12-31,срез/модель,actual,ФЭМ Ми-8,FEM_MI8_HOUR_RATE_SCENARIO_1,"Стоимость летного часа в ФЭМ, сценарий 1",450,450,тыс. руб. / л.ч.,RUB,допущение ФЭМ,Приложение 4. ФЭМ Ми-8 в10 итог 23 06 2026.xlsx,листы Допущения и Расчет DSCR,,нет,да,
RU8604005359_FEM_MI8_HOUR_RATE_SCENARIO_2_2026,RU8604005359,АО «ЮТЭЙР-Вертолетные услуги»,2026-12-31,срез/модель,actual,ФЭМ Ми-8,FEM_MI8_HOUR_RATE_SCENARIO_2,"Стоимость летного часа в ФЭМ, сценарий 2",552,552,тыс. руб. / л.ч.,RUB,допущение ФЭМ,Приложение 4. ФЭМ Ми-8 в10 итог 23 06 2026.xlsx,листы Допущения и Расчет DSCR,,нет,да,
RU8604005359_FEM_MI8_CFADS_2026_2026,RU8604005359,АО «ЮТЭЙР-Вертолетные услуги»,2026-12-31,срез/модель,actual,ФЭМ Ми-8,FEM_MI8_CFADS_2026,"CFADS 1 Ми-8 в ФЭМ, 2026",-3367.9344063331373,-3 368,тыс. руб.,RUB,модельный расчет,Приложение 4. ФЭМ Ми-8 в10 итог 23 06 2026.xlsx,листы Допущения и Расчет DSCR,,нет,да,
RU8604005359_FEM_MI8_DSCR_EBITDA_2026_2026,RU8604005359,АО «ЮТЭЙР-Вертолетные услуги»,2026-12-31,срез/модель,actual,ФЭМ Ми-8,FEM_MI8_DSCR_EBITDA_2026,"DSCR 1 Ми-8 в ФЭМ, метод EBITDA, 2026",-0.09897009906601607,"-0,10",x,RUB,модельный расчет,Приложение 4. ФЭМ Ми-8 в10 итог 23 06 2026.xlsx,листы Допущения и Расчет DSCR,,нет,да,
RU8604005359_FEM_MI8_DSCR_CF_2026_2026,RU8604005359,АО «ЮТЭЙР-Вертолетные услуги»,2026-12-31,срез/модель,actual,ФЭМ Ми-8,FEM_MI8_DSCR_CF_2026,"DSCR 1 Ми-8 в ФЭМ, метод CF, 2026",0.8228914194424544,"0,82",x,RUB,модельный расчет,Приложение 4. ФЭМ Ми-8 в10 итог 23 06 2026.xlsx,листы Допущения и Расчет DSCR,,нет,да,
RU8604005359_FEM_MI8_DSCR_2028_2026,RU8604005359,АО «ЮТЭЙР-Вертолетные услуги»,2026-12-31,срез/модель,actual,ФЭМ Ми-8,FEM_MI8_DSCR_2028,"DSCR 1 Ми-8 в ФЭМ, метод EBITDA, 2028",0.0021142607111930794,"0,00",x,RUB,модельный расчет,Приложение 4. ФЭМ Ми-8 в10 итог 23 06 2026.xlsx,листы Допущения и Расчет DSCR,,нет,да,
RU8604005359_FEM_MI8_DSCR_CF_2028_2026,RU8604005359,АО «ЮТЭЙР-Вертолетные услуги»,2026-12-31,срез/модель,actual,ФЭМ Ми-8,FEM_MI8_DSCR_CF_2028,"DSCR 1 Ми-8 в ФЭМ, метод CF, 2028",1.0055315269003127,"1,01",x,RUB,модельный расчет,Приложение 4. ФЭМ Ми-8 в10 итог 23 06 2026.xlsx,листы Допущения и Расчет DSCR,,нет,да,
RU8604005359_CSRT_MI8_AVG_HOURS_2015_2025_2026,RU8604005359,АО «ЮТЭЙР-Вертолетные услуги»,2026-12-31,срез/модель,actual,Флот и ЦСРТ,CSRT_MI8_AVG_HOURS_2015_2025,Средний годовой налет парка Ми-8/17 по ЦСРТ за 2015-2025 годы,334.5,335,л.ч. на ВС в год,RUB,подтверждено по отчету ЦСРТ,Отчет ЦСРТ - вертолеты - комплексное исследование в50 (свод 3.1. и 3.2. и 3.3.) итог 24 06 2026.pdf,"раздел 3.1.5 отчета ЦСРТ, анализ 2015-2025 гг.",,да,нет,
RU8604005359_CSRT_MI8_HOURS_CHANGE_2024_2026,RU8604005359,АО «ЮТЭЙР-Вертолетные услуги»,2026-12-31,срез/модель,actual,Флот и ЦСРТ,CSRT_MI8_HOURS_CHANGE_2024,Снижение налета парка Ми-8/17 в 2024 году по ЦСРТ,-0.065,"-0,07",доля,RUB,подтверждено по отчету ЦСРТ,Отчет ЦСРТ - вертолеты - комплексное исследование в50 (свод 3.1. и 3.2. и 3.3.) итог 24 06 2026.pdf,"раздел 3.1.5 отчета ЦСРТ, анализ 2015-2025 гг.",,да,нет,
RU8604005359_CSRT_MI8_HOURS_CHANGE_2025_2026,RU8604005359,АО «ЮТЭЙР-Вертолетные услуги»,2026-12-31,срез/модель,actual,Флот и ЦСРТ,CSRT_MI8_HOURS_CHANGE_2025,Снижение налета на 1 среднесписочный ВС в 2025 году по ЦСРТ,-0.021,"-0,02",доля,RUB,подтверждено по отчету ЦСРТ,Отчет ЦСРТ - вертолеты - комплексное исследование в50 (свод 3.1. и 3.2. и 3.3.) итог 24 06 2026.pdf,"раздел 3.1.5 отчета ЦСРТ, анализ 2015-2025 гг.",,да,нет,
RU8604005359_CSRT_PASSENGER_CARGO_SHARE_2024_2026,RU8604005359,АО «ЮТЭЙР-Вертолетные услуги»,2026-12-31,срез/модель,actual,Флот и ЦСРТ,CSRT_PASSENGER_CARGO_SHARE_2024,Доля пассажирских и грузовых перевозок в налете в 2024 году по ЦСРТ,0.31,"0,31",доля,RUB,подтверждено по отчету ЦСРТ,Отчет ЦСРТ - вертолеты - комплексное исследование в50 (свод 3.1. и 3.2. и 3.3.) итог 24 06 2026.pdf,"раздел 3.1.5 отчета ЦСРТ, анализ 2015-2025 гг.",,да,нет,
RU8604005359_CSRT_AIRWORK_SHARE_2024_2026,RU8604005359,АО «ЮТЭЙР-Вертолетные услуги»,2026-12-31,срез/модель,actual,Флот и ЦСРТ,CSRT_AIRWORK_SHARE_2024,Доля авиаработ в налете в 2024 году по ЦСРТ,0.69,"0,69",доля,RUB,подтверждено по отчету ЦСРТ,Отчет ЦСРТ - вертолеты - комплексное исследование в50 (свод 3.1. и 3.2. и 3.3.) итог 24 06 2026.pdf,"раздел 3.1.5 отчета ЦСРТ, анализ 2015-2025 гг.",,да,нет,
RU8604005359_CSRT_MI8_RESOURCE_HOURS_2026,RU8604005359,АО «ЮТЭЙР-Вертолетные услуги»,2026-12-31,срез/модель,actual,Флот и ЦСРТ,CSRT_MI8_RESOURCE_HOURS,Назначенный ресурс отдельных модификаций Ми-8/17 по отчету ЦСРТ,30000,30 000,л.ч.,RUB,подтверждено по отчету ЦСРТ,Отчет ЦСРТ - вертолеты - комплексное исследование в50 (свод 3.1. и 3.2. и 3.3.) итог 24 06 2026.pdf,"раздел 3.1.5 отчета ЦСРТ, анализ 2015-2025 гг.",,да,нет,
RU8604005359_CSRT_MI8_SERVICE_LIFE_YEARS_2026,RU8604005359,АО «ЮТЭЙР-Вертолетные услуги»,2026-12-31,срез/модель,actual,Флот и ЦСРТ,CSRT_MI8_SERVICE_LIFE_YEARS,Назначенный срок службы отдельных модификаций Ми-8/17 по отчету ЦСРТ,37,37,лет,RUB,подтверждено по отчету ЦСРТ,Отчет ЦСРТ - вертолеты - комплексное исследование в50 (свод 3.1. и 3.2. и 3.3.) итог 24 06 2026.pdf,"раздел 3.1.5 отчета ЦСРТ, анализ 2015-2025 гг.",,да,нет,
RU8604005359_CSRT_MI8_THEORETICAL_ANNUAL_HOURS_2026,RU8604005359,АО «ЮТЭЙР-Вертолетные услуги»,2026-12-31,срез/модель,actual,Флот и ЦСРТ,CSRT_MI8_THEORETICAL_ANNUAL_HOURS,Теоретический средний годовой налет при ресурсе и сроке службы,810,810,л.ч. на ВС в год,RUB,расчет по отчету ЦСРТ,Отчет ЦСРТ - вертолеты - комплексное исследование в50 (свод 3.1. и 3.2. и 3.3.) итог 24 06 2026.pdf,"раздел 3.1.5 отчета ЦСРТ, анализ 2015-2025 гг.",,да,да,
RU8604005359_CSRT_INDUSTRY_DEMAND_TEXT_2026,RU8604005359,АО «ЮТЭЙР-Вертолетные услуги»,2026-12-31,срез/модель,actual,Флот и ЦСРТ,CSRT_INDUSTRY_DEMAND_TEXT,Отраслевой фактор риска,,ЦСРТ указывает на снижение налета и недостаток экономически устойчивых заказов; спрос частично поддерживается субсидированием и смещается в пассажирские и грузовые перевозки,текст,RUB,подтверждено по отчету ЦСРТ,Отчет ЦСРТ - вертолеты - комплексное исследование в50 (свод 3.1. и 3.2. и 3.3.) итог 24 06 2026.pdf,"раздел 3.1.5 отчета ЦСРТ, анализ 2015-2025 гг.",,да,нет,"числовое значение отсутствует, причина указана в статусе"
UTAIR_POLICY_DEBT_2024,RU8604005359,АО «ЮТЭЙР-Вертолетные услуги»,2024-12-31,год,base,Политика риска,POLICY_MAX_DEBT_EBITDA,Допустимый кредитный долг / EBITDA,3,3.00,x,,"допущение, редактируется",Методика_оценки_авиакомпании_и_кредитной_нагрузки.docx,Пункт 7 Лимит новой кредитной нагрузки,,false,true,Рабочий порог для предварительной оценки. Измените после утверждения кредитной политики.
UTAIR_POLICY_BUFFER_2024,RU8604005359,АО «ЮТЭЙР-Вертолетные услуги»,2024-12-31,год,base,Политика риска,POLICY_LIQUIDITY_BUFFER_MONTHS,Постоянный буфер ликвидности,3,3,месяцев,,"допущение, редактируется",Методика_оценки_авиакомпании_и_кредитной_нагрузки.docx,Пункт 6 Денежное покрытие,,false,true,Управленческий ориентир. Буфер = средний обязательный платёж в месяц × число месяцев.
UTAIR_LEASE_DEBT_2024,RU8604005359,АО «ЮТЭЙР-Вертолетные услуги»,2024-12-31,год,base,Долговая нагрузка,LEASE_DEBT_OUTSTANDING,Остаток лизингового долга,,,тыс. руб.,RUB,не загружено,,,,false,false,Введите остаток по всем договорам финансовой аренды на отчётную дату. Пустая ячейка не равна нулю.
UTAIR_SITE_RISK_2024,RU8604005359,АО «ЮТЭЙР-Вертолетные услуги»,2024-12-31,год,base,Внешние риски,SITE_RISK_PERCENT,Риск 1cont,50,50,%,,требует сверки,Авиакомпании данные для кредитного дашборда1_исправленный - Dashboard.csv,Сводный дашборд 2024,,false,false,"В исходном CSV указан риск 1cont 50 процентов. Первичный источник и дата выгрузки не приведены, поэтому показатель требует сверки."
UTAIR_FLIGHT_MARGIN_2024,RU8604005359,АО «ЮТЭЙР-Вертолетные услуги»,2024-12-31,год,base,Операционные показатели,FLIGHT_MARGIN_CONTRIBUTION,Вклад налета,10055300,10 055 300,тыс. руб.,RUB,расчет,Авиакомпании данные для кредитного дашборда1_исправленный - Dashboard.csv,Таблица обязательных платежей,,false,true,Смысл показателя не раскрыт в исходном CSV. Используйте в дашборде только с подписью Вклад налета.
RU8604005359_PROJECT_HELICOPTER_COST_2026,RU8604005359,АО «ЮТЭЙР-Вертолетные услуги»,2026-12-31,год,base,Финмодель новой сделки Ми-8,PROJECT_HELICOPTER_COST,Стоимость вертолета,660000.0,660000,тыс. руб.,RUB,модельный расчет,АК_Ютэйр_финансовая_модель.xlsx,Допущения!B4,,нет,да,"660 млн руб., новая сделка"
RU8604005359_PROJECT_ADVANCE_PERCENT_2026,RU8604005359,АО «ЮТЭЙР-Вертолетные услуги»,2026-12-31,год,base,Финмодель новой сделки Ми-8,PROJECT_ADVANCE_PERCENT,Аванс,0.0,0,%,,модельный расчет,АК_Ютэйр_финансовая_модель.xlsx,Допущения!B5,,нет,да,
RU8604005359_PROJECT_LEASE_RATE_2026,RU8604005359,АО «ЮТЭЙР-Вертолетные услуги»,2026-12-31,год,base,Финмодель новой сделки Ми-8,PROJECT_LEASE_RATE,Ставка лизинга,0.11,0.11,%,,модельный расчет,АК_Ютэйр_финансовая_модель.xlsx,Допущения!B6,,нет,да,
RU8604005359_PROJECT_LEASE_TERM_YEARS_2026,RU8604005359,АО «ЮТЭЙР-Вертолетные услуги»,2026-12-31,год,base,Финмодель новой сделки Ми-8,PROJECT_LEASE_TERM_YEARS,Срок лизинга,15.0,15,лет,,модельный расчет,АК_Ютэйр_финансовая_модель.xlsx,Допущения!B7,,нет,да,
RU8604005359_PROJECT_HOURLY_RATE_BASE_2026,RU8604005359,АО «ЮТЭЙР-Вертолетные услуги»,2026-12-31,год,base,Финмодель новой сделки Ми-8,PROJECT_HOURLY_RATE_BASE,Ставка летного часа - базовый сценарий,600000.0,600000,руб./л.ч.,RUB,модельный расчет,АК_Ютэйр_финансовая_модель.xlsx,Допущения!B9,,нет,да,
RU8604005359_PROJECT_FLIGHT_HOURS_MONTHLY_BASE_2026,RU8604005359,АО «ЮТЭЙР-Вертолетные услуги»,2026-12-31,год,base,Финмодель новой сделки Ми-8,PROJECT_FLIGHT_HOURS_MONTHLY_BASE,Налет - базовый сценарий,50.0,50,л.ч. в месяц,,модельный расчет,АК_Ютэйр_финансовая_модель.xlsx,Допущения!B10,,нет,да,
RU8604005359_PROJECT_REVENUE_INDEXATION_2026,RU8604005359,АО «ЮТЭЙР-Вертолетные услуги»,2026-12-31,год,base,Финмодель новой сделки Ми-8,PROJECT_REVENUE_INDEXATION,Индексация выручки,0.05,0.05,%,,модельный расчет,АК_Ютэйр_финансовая_модель.xlsx,Допущения!B11,,нет,да,
RU8604005359_PROJECT_OPEX_HOURLY_BASE_2026,RU8604005359,АО «ЮТЭЙР-Вертолетные услуги»,2026-12-31,год,base,Финмодель новой сделки Ми-8,PROJECT_OPEX_HOURLY_BASE,OPEX без ТОиР,179907.0,179907,руб./л.ч.,RUB,модельный расчет,АК_Ютэйр_финансовая_модель.xlsx,Допущения!B12,,нет,да,
RU8604005359_PROJECT_OPEX_INDEXATION_2026,RU8604005359,АО «ЮТЭЙР-Вертолетные услуги»,2026-12-31,год,base,Финмодель новой сделки Ми-8,PROJECT_OPEX_INDEXATION,Индексация OPEX,0.05,0.05,%,,модельный расчет,АК_Ютэйр_финансовая_модель.xlsx,Допущения!B13,,нет,да,
RU8604005359_PROJECT_MRO_INDEXATION_2026,RU8604005359,АО «ЮТЭЙР-Вертолетные услуги»,2026-12-31,год,base,Финмодель новой сделки Ми-8,PROJECT_MRO_INDEXATION,Индексация ТОиР,0.12,0.12,%,,модельный расчет,АК_Ютэйр_финансовая_модель.xlsx,Допущения!B14,,нет,да,
RU8604005359_PROJECT_TAX_RATE_2026,RU8604005359,АО «ЮТЭЙР-Вертолетные услуги»,2026-12-31,год,base,Финмодель новой сделки Ми-8,PROJECT_TAX_RATE,Ставка налога на прибыль,0.2,0.2,%,,модельный расчет,АК_Ютэйр_финансовая_модель.xlsx,Допущения!B15,,нет,да,
RU8604005359_PROJECT_WACC_2026,RU8604005359,АО «ЮТЭЙР-Вертолетные услуги»,2026-12-31,год,base,Финмодель новой сделки Ми-8,PROJECT_WACC,WACC для оценки NPV,0.15,0.15,%,,модельный расчет,АК_Ютэйр_финансовая_модель.xlsx,Допущения!B20,,нет,да,
RU8604005359_PROJECT_DSCR_COVENANT_2026,RU8604005359,АО «ЮТЭЙР-Вертолетные услуги»,2026-12-31,год,base,Финмодель новой сделки Ми-8,PROJECT_DSCR_COVENANT,Ориентир DSCR,1.2,1.2,x,,модельный расчет,АК_Ютэйр_финансовая_модель.xlsx,HTML-модель: график DSCR,,нет,да,управленческий ориентир модели
RU8604005359_PROJECT_NPV_2026,RU8604005359,АО «ЮТЭЙР-Вертолетные услуги»,2026-12-31,год,base,Финмодель новой сделки Ми-8,PROJECT_NPV,NPV проекта,-132114.0063077648,-132114.0063077648,тыс. руб.,RUB,модельный расчет,АК_Ютэйр_финансовая_модель.xlsx,Dashboard!G6,,нет,да,модельный NPV при WACC 15%
RU8604005359_PROJECT_MIN_DSCR_2026,RU8604005359,АО «ЮТЭЙР-Вертолетные услуги»,2026-12-31,год,base,Финмодель новой сделки Ми-8,PROJECT_MIN_DSCR,Минимальный DSCR за горизонт модели,-1.6862827038432366,-1.6862827038432366,x,,модельный расчет,АК_Ютэйр_финансовая_модель.xlsx,Dashboard!C9,,нет,да,модельный расчет 2026-2040
RU8604005359_FNB_AVG_FLIGHT_HOURS_MONTHLY_2025,RU8604005359,АО «ЮТЭЙР-Вертолетные услуги»,2025-12-31,год,actual,Фактическая эксплуатация ФНБ,FNB_AVG_FLIGHT_HOURS_MONTHLY,Средний налет по ФНБ,57.7142857,57.7142857,л.ч. в месяц,,подтверждено источником,АК_Ютэйр_финансовая_модель.xlsx,Источники!C4,,да,нет,
RU8604005359_FNB_HOURLY_RATE_2025,RU8604005359,АО «ЮТЭЙР-Вертолетные услуги»,2025-12-31,год,actual,Фактическая эксплуатация ФНБ,FNB_HOURLY_RATE,Фактическая ставка летного часа по ФНБ,487459.7674,487459.7674,руб./л.ч.,RUB,подтверждено источником,АК_Ютэйр_финансовая_модель.xlsx,Источники!C5,,да,нет,
RU8604005359_FNB_HOURLY_COST_EX_LEASE_2025,RU8604005359,АО «ЮТЭЙР-Вертолетные услуги»,2025-12-31,год,actual,Фактическая эксплуатация ФНБ,FNB_HOURLY_COST_EX_LEASE,Себестоимость часа без лизинга по ФНБ,360407.0165,360407.0165,руб./л.ч.,RUB,подтверждено источником,АК_Ютэйр_финансовая_модель.xlsx,Источники!C6,,да,нет,
RU8604005359_FNB_CURRENT_LEASE_PAYMENT_MONTHLY_2025,RU8604005359,АО «ЮТЭЙР-Вертолетные услуги»,2025-12-31,год,actual,Фактическая эксплуатация ФНБ,FNB_CURRENT_LEASE_PAYMENT_MONTHLY,Текущий платеж по ФНБ,4176.8033792,4176.8033792,тыс. руб. в месяц,RUB,подтверждено источником,АК_Ютэйр_финансовая_модель.xlsx,Источники!C7,,да,нет,
RU8604005359_FNB_CURRENT_LEASE_PAYMENT_ANNUAL_2025,RU8604005359,АО «ЮТЭЙР-Вертолетные услуги»,2025-12-31,год,actual,Фактическая эксплуатация ФНБ,FNB_CURRENT_LEASE_PAYMENT_ANNUAL,Текущий платеж по ФНБ - годовой эквивалент,50121.6405504,50121.6405504,тыс. руб. в год,RUB,подтверждено источником,АК_Ютэйр_финансовая_модель.xlsx,Источники!C7,,да,нет,расчет: ежемесячный платеж × 12
RU8604005359_PROJECT_HOURLY_RATE_2026,RU8604005359,АО «ЮТЭЙР-Вертолетные услуги»,2026-12-31,год,base,Финмодель новой сделки Ми-8,PROJECT_HOURLY_RATE,Ставка летного часа,600000.0,600000,руб./л.ч.,RUB,модельный расчет,АК_Ютэйр_финансовая_модель.xlsx,Финмодель!C4,,нет,да,"базовый сценарий, новая сделка Ми-8МТВ-1. DSCR в модели: EBITDA / годовой лизинговый платеж."
RU8604005359_PROJECT_FLIGHT_HOURS_ANNUAL_2026,RU8604005359,АО «ЮТЭЙР-Вертолетные услуги»,2026-12-31,год,base,Финмодель новой сделки Ми-8,PROJECT_FLIGHT_HOURS_ANNUAL,Годовой налет,600.0,600,л.ч. в год,,модельный расчет,АК_Ютэйр_финансовая_модель.xlsx,Финмодель!C5,,нет,да,"базовый сценарий, новая сделка Ми-8МТВ-1. DSCR в модели: EBITDA / годовой лизинговый платеж."
RU8604005359_PROJECT_REVENUE_2026,RU8604005359,АО «ЮТЭЙР-Вертолетные услуги»,2026-12-31,год,base,Финмодель новой сделки Ми-8,PROJECT_REVENUE,Выручка проекта,360000.0,360000,тыс. руб.,RUB,модельный расчет,АК_Ютэйр_финансовая_модель.xlsx,Финмодель!C6,,нет,да,"базовый сценарий, новая сделка Ми-8МТВ-1. DSCR в модели: EBITDA / годовой лизинговый платеж."
RU8604005359_PROJECT_OPEX_EX_MRO_2026,RU8604005359,АО «ЮТЭЙР-Вертолетные услуги»,2026-12-31,год,base,Финмодель новой сделки Ми-8,PROJECT_OPEX_EX_MRO,OPEX без ТОиР,107944.2,107944.2,тыс. руб.,RUB,модельный расчет,АК_Ютэйр_финансовая_модель.xlsx,Финмодель!C7,,нет,да,"базовый сценарий, новая сделка Ми-8МТВ-1. DSCR в модели: EBITDA / годовой лизинговый платеж."
RU8604005359_PROJECT_MRO_RESERVE_2026,RU8604005359,АО «ЮТЭЙР-Вертолетные услуги»,2026-12-31,год,base,Финмодель новой сделки Ми-8,PROJECT_MRO_RESERVE,Резерв ТОиР,133785.6362752801,133785.6362752801,тыс. руб.,RUB,модельный расчет,АК_Ютэйр_финансовая_модель.xlsx,Финмодель!C8,,нет,да,"базовый сценарий, новая сделка Ми-8МТВ-1. DSCR в модели: EBITDA / годовой лизинговый платеж."
RU8604005359_PROJECT_TOTAL_OPEX_2026,RU8604005359,АО «ЮТЭЙР-Вертолетные услуги»,2026-12-31,год,base,Финмодель новой сделки Ми-8,PROJECT_TOTAL_OPEX,Совокупный OPEX,241729.8362752801,241729.8362752801,тыс. руб.,RUB,модельный расчет,АК_Ютэйр_финансовая_модель.xlsx,Финмодель!C9,,нет,да,"базовый сценарий, новая сделка Ми-8МТВ-1. DSCR в модели: EBITDA / годовой лизинговый платеж."
RU8604005359_PROJECT_EBITDA_2026,RU8604005359,АО «ЮТЭЙР-Вертолетные услуги»,2026-12-31,год,base,Финмодель новой сделки Ми-8,PROJECT_EBITDA,EBITDA проекта,118270.1637247199,118270.1637247199,тыс. руб.,RUB,модельный расчет,АК_Ютэйр_финансовая_модель.xlsx,Финмодель!C10,,нет,да,"базовый сценарий, новая сделка Ми-8МТВ-1. DSCR в модели: EBITDA / годовой лизинговый платеж."
RU8604005359_PROJECT_EBITDA_MARGIN_2026,RU8604005359,АО «ЮТЭЙР-Вертолетные услуги»,2026-12-31,год,base,Финмодель новой сделки Ми-8,PROJECT_EBITDA_MARGIN,Маржа EBITDA проекта,0.32852823256866637,0.32852823256866637,%,,модельный расчет,АК_Ютэйр_финансовая_модель.xlsx,Финмодель!C11,,нет,да,"базовый сценарий, новая сделка Ми-8МТВ-1. DSCR в модели: EBITDA / годовой лизинговый платеж."
RU8604005359_PROJECT_LEASE_PAYMENT_2026,RU8604005359,АО «ЮТЭЙР-Вертолетные услуги»,2026-12-31,год,base,Финмодель новой сделки Ми-8,PROJECT_LEASE_PAYMENT,Годовой лизинговый платеж по новой сделке,91783.05808958119,91783.05808958119,тыс. руб.,RUB,модельный расчет,АК_Ютэйр_финансовая_модель.xlsx,Финмодель!C12,,нет,да,"базовый сценарий, новая сделка Ми-8МТВ-1. DSCR в модели: EBITDA / годовой лизинговый платеж."
RU8604005359_PROJECT_INTEREST_2026,RU8604005359,АО «ЮТЭЙР-Вертолетные услуги»,2026-12-31,год,base,Финмодель новой сделки Ми-8,PROJECT_INTEREST,Проценты по лизингу,72600.0,72600,тыс. руб.,RUB,модельный расчет,АК_Ютэйр_финансовая_модель.xlsx,Финмодель!C13,,нет,да,"базовый сценарий, новая сделка Ми-8МТВ-1. DSCR в модели: EBITDA / годовой лизинговый платеж."
RU8604005359_PROJECT_PRINCIPAL_REPAYMENT_2026,RU8604005359,АО «ЮТЭЙР-Вертолетные услуги»,2026-12-31,год,base,Финмодель новой сделки Ми-8,PROJECT_PRINCIPAL_REPAYMENT,Погашение основного долга,19183.058089581187,19183.058089581187,тыс. руб.,RUB,модельный расчет,АК_Ютэйр_финансовая_модель.xlsx,Финмодель!C14,,нет,да,"базовый сценарий, новая сделка Ми-8МТВ-1. DSCR в модели: EBITDA / годовой лизинговый платеж."
RU8604005359_PROJECT_EBIT_2026,RU8604005359,АО «ЮТЭЙР-Вертолетные услуги»,2026-12-31,год,base,Финмодель новой сделки Ми-8,PROJECT_EBIT,EBIT проекта,26487.10563513871,26487.10563513871,тыс. руб.,RUB,модельный расчет,АК_Ютэйр_финансовая_модель.xlsx,Финмодель!C15,,нет,да,"базовый сценарий, новая сделка Ми-8МТВ-1. DSCR в модели: EBITDA / годовой лизинговый платеж."
RU8604005359_PROJECT_INCOME_TAX_2026,RU8604005359,АО «ЮТЭЙР-Вертолетные услуги»,2026-12-31,год,base,Финмодель новой сделки Ми-8,PROJECT_INCOME_TAX,Налог на прибыль проекта,5297.421127027742,5297.421127027742,тыс. руб.,RUB,модельный расчет,АК_Ютэйр_финансовая_модель.xlsx,Финмодель!C16,,нет,да,"базовый сценарий, новая сделка Ми-8МТВ-1. DSCR в модели: EBITDA / годовой лизинговый платеж."
RU8604005359_PROJECT_NET_PROFIT_2026,RU8604005359,АО «ЮТЭЙР-Вертолетные услуги»,2026-12-31,год,base,Финмодель новой сделки Ми-8,PROJECT_NET_PROFIT,Чистая прибыль проекта,21189.684508110968,21189.684508110968,тыс. руб.,RUB,модельный расчет,АК_Ютэйр_финансовая_модель.xlsx,Финмодель!C17,,нет,да,"базовый сценарий, новая сделка Ми-8МТВ-1. DSCR в модели: EBITDA / годовой лизинговый платеж."
RU8604005359_PROJECT_OCF_2026,RU8604005359,АО «ЮТЭЙР-Вертолетные услуги»,2026-12-31,год,base,Финмодель новой сделки Ми-8,PROJECT_OCF,Операционный денежный поток проекта,112972.74259769215,112972.74259769215,тыс. руб.,RUB,модельный расчет,АК_Ютэйр_финансовая_модель.xlsx,Финмодель!C18,,нет,да,"базовый сценарий, новая сделка Ми-8МТВ-1. DSCR в модели: EBITDA / годовой лизинговый платеж."
RU8604005359_PROJECT_FCF_2026,RU8604005359,АО «ЮТЭЙР-Вертолетные услуги»,2026-12-31,год,base,Финмодель новой сделки Ми-8,PROJECT_FCF,Свободный денежный поток проекта,21189.684508110964,21189.684508110964,тыс. руб.,RUB,модельный расчет,АК_Ютэйр_финансовая_модель.xlsx,Финмодель!C19,,нет,да,"базовый сценарий, новая сделка Ми-8МТВ-1. DSCR в модели: EBITDA / годовой лизинговый платеж."
RU8604005359_PROJECT_CUMULATIVE_FCF_2026,RU8604005359,АО «ЮТЭЙР-Вертолетные услуги»,2026-12-31,год,base,Финмодель новой сделки Ми-8,PROJECT_CUMULATIVE_FCF,Накопленный свободный денежный поток проекта,21189.684508110964,21189.684508110964,тыс. руб.,RUB,модельный расчет,АК_Ютэйр_финансовая_модель.xlsx,Финмодель!C20,,нет,да,"базовый сценарий, новая сделка Ми-8МТВ-1. DSCR в модели: EBITDA / годовой лизинговый платеж."
RU8604005359_PROJECT_DSCR_2026,RU8604005359,АО «ЮТЭЙР-Вертолетные услуги»,2026-12-31,год,base,Финмодель новой сделки Ми-8,PROJECT_DSCR,DSCR новой сделки - EBITDA / лизинговый платеж,1.2885838213114127,1.2885838213114127,x,,модельный расчет,АК_Ютэйр_финансовая_модель.xlsx,Финмодель!C21,,нет,да,"базовый сценарий, новая сделка Ми-8МТВ-1. DSCR в модели: EBITDA / годовой лизинговый платеж."
RU8604005359_PROJECT_LEASE_BALANCE_OPENING_2026,RU8604005359,АО «ЮТЭЙР-Вертолетные услуги»,2026-12-31,год,base,График лизинга новой сделки Ми-8,PROJECT_LEASE_BALANCE_OPENING,Остаток лизингового обязательства на начало года,660000.0,660000,тыс. руб.,RUB,модельный расчет,АК_Ютэйр_финансовая_модель.xlsx,Лизинг!B4,,нет,да,
RU8604005359_PROJECT_LEASE_BALANCE_CLOSING_2026,RU8604005359,АО «ЮТЭЙР-Вертолетные услуги»,2026-12-31,год,base,График лизинга новой сделки Ми-8,PROJECT_LEASE_BALANCE_CLOSING,Остаток лизингового обязательства на конец года,640816.9419104188,640816.9419104188,тыс. руб.,RUB,модельный расчет,АК_Ютэйр_финансовая_модель.xlsx,Лизинг!F4,,нет,да,
RU8604005359_PROJECT_HOURLY_RATE_2027,RU8604005359,АО «ЮТЭЙР-Вертолетные услуги»,2027-12-31,год,base,Финмодель новой сделки Ми-8,PROJECT_HOURLY_RATE,Ставка летного часа,630000.0,630000,руб./л.ч.,RUB,модельный расчет,АК_Ютэйр_финансовая_модель.xlsx,Финмодель!D4,,нет,да,"базовый сценарий, новая сделка Ми-8МТВ-1. DSCR в модели: EBITDA / годовой лизинговый платеж."
RU8604005359_PROJECT_FLIGHT_HOURS_ANNUAL_2027,RU8604005359,АО «ЮТЭЙР-Вертолетные услуги»,2027-12-31,год,base,Финмодель новой сделки Ми-8,PROJECT_FLIGHT_HOURS_ANNUAL,Годовой налет,600.0,600,л.ч. в год,,модельный расчет,АК_Ютэйр_финансовая_модель.xlsx,Финмодель!D5,,нет,да,"базовый сценарий, новая сделка Ми-8МТВ-1. DSCR в модели: EBITDA / годовой лизинговый платеж."
RU8604005359_PROJECT_REVENUE_2027,RU8604005359,АО «ЮТЭЙР-Вертолетные услуги»,2027-12-31,год,base,Финмодель новой сделки Ми-8,PROJECT_REVENUE,Выручка проекта,378000.0,378000,тыс. руб.,RUB,модельный расчет,АК_Ютэйр_финансовая_модель.xlsx,Финмодель!D6,,нет,да,"базовый сценарий, новая сделка Ми-8МТВ-1. DSCR в модели: EBITDA / годовой лизинговый платеж."
RU8604005359_PROJECT_OPEX_EX_MRO_2027,RU8604005359,АО «ЮТЭЙР-Вертолетные услуги»,2027-12-31,год,base,Финмодель новой сделки Ми-8,PROJECT_OPEX_EX_MRO,OPEX без ТОиР,113341.41,113341.41,тыс. руб.,RUB,модельный расчет,АК_Ютэйр_финансовая_модель.xlsx,Финмодель!D7,,нет,да,"базовый сценарий, новая сделка Ми-8МТВ-1. DSCR в модели: EBITDA / годовой лизинговый платеж."
RU8604005359_PROJECT_MRO_RESERVE_2027,RU8604005359,АО «ЮТЭЙР-Вертолетные услуги»,2027-12-31,год,base,Финмодель новой сделки Ми-8,PROJECT_MRO_RESERVE,Резерв ТОиР,149839.91262831376,149839.91262831376,тыс. руб.,RUB,модельный расчет,АК_Ютэйр_финансовая_модель.xlsx,Финмодель!D8,,нет,да,"базовый сценарий, новая сделка Ми-8МТВ-1. DSCR в модели: EBITDA / годовой лизинговый платеж."
RU8604005359_PROJECT_TOTAL_OPEX_2027,RU8604005359,АО «ЮТЭЙР-Вертолетные услуги»,2027-12-31,год,base,Финмодель новой сделки Ми-8,PROJECT_TOTAL_OPEX,Совокупный OPEX,263181.3226283138,263181.3226283138,тыс. руб.,RUB,модельный расчет,АК_Ютэйр_финансовая_модель.xlsx,Финмодель!D9,,нет,да,"базовый сценарий, новая сделка Ми-8МТВ-1. DSCR в модели: EBITDA / годовой лизинговый платеж."
RU8604005359_PROJECT_EBITDA_2027,RU8604005359,АО «ЮТЭЙР-Вертолетные услуги»,2027-12-31,год,base,Финмодель новой сделки Ми-8,PROJECT_EBITDA,EBITDA проекта,114818.67737168621,114818.67737168621,тыс. руб.,RUB,модельный расчет,АК_Ютэйр_финансовая_модель.xlsx,Финмодель!D10,,нет,да,"базовый сценарий, новая сделка Ми-8МТВ-1. DSCR в модели: EBITDA / годовой лизинговый платеж."
RU8604005359_PROJECT_EBITDA_MARGIN_2027,RU8604005359,АО «ЮТЭЙР-Вертолетные услуги»,2027-12-31,год,base,Финмодель новой сделки Ми-8,PROJECT_EBITDA_MARGIN,Маржа EBITDA проекта,0.3037531147399106,0.3037531147399106,%,,модельный расчет,АК_Ютэйр_финансовая_модель.xlsx,Финмодель!D11,,нет,да,"базовый сценарий, новая сделка Ми-8МТВ-1. DSCR в модели: EBITDA / годовой лизинговый платеж."
RU8604005359_PROJECT_LEASE_PAYMENT_2027,RU8604005359,АО «ЮТЭЙР-Вертолетные услуги»,2027-12-31,год,base,Финмодель новой сделки Ми-8,PROJECT_LEASE_PAYMENT,Годовой лизинговый платеж по новой сделке,91783.05808958119,91783.05808958119,тыс. руб.,RUB,модельный расчет,АК_Ютэйр_финансовая_модель.xlsx,Финмодель!D12,,нет,да,"базовый сценарий, новая сделка Ми-8МТВ-1. DSCR в модели: EBITDA / годовой лизинговый платеж."
RU8604005359_PROJECT_INTEREST_2027,RU8604005359,АО «ЮТЭЙР-Вертолетные услуги»,2027-12-31,год,base,Финмодель новой сделки Ми-8,PROJECT_INTEREST,Проценты по лизингу,70489.86361014607,70489.86361014607,тыс. руб.,RUB,модельный расчет,АК_Ютэйр_финансовая_модель.xlsx,Финмодель!D13,,нет,да,"базовый сценарий, новая сделка Ми-8МТВ-1. DSCR в модели: EBITDA / годовой лизинговый платеж."
RU8604005359_PROJECT_PRINCIPAL_REPAYMENT_2027,RU8604005359,АО «ЮТЭЙР-Вертолетные услуги»,2027-12-31,год,base,Финмодель новой сделки Ми-8,PROJECT_PRINCIPAL_REPAYMENT,Погашение основного долга,21293.194479435115,21293.194479435115,тыс. руб.,RUB,модельный расчет,АК_Ютэйр_финансовая_модель.xlsx,Финмодель!D14,,нет,да,"базовый сценарий, новая сделка Ми-8МТВ-1. DSCR в модели: EBITDA / годовой лизинговый платеж."
RU8604005359_PROJECT_EBIT_2027,RU8604005359,АО «ЮТЭЙР-Вертолетные услуги»,2027-12-31,год,base,Финмодель новой сделки Ми-8,PROJECT_EBIT,EBIT проекта,23035.61928210502,23035.61928210502,тыс. руб.,RUB,модельный расчет,АК_Ютэйр_финансовая_модель.xlsx,Финмодель!D15,,нет,да,"базовый сценарий, новая сделка Ми-8МТВ-1. DSCR в модели: EBITDA / годовой лизинговый платеж."
RU8604005359_PROJECT_INCOME_TAX_2027,RU8604005359,АО «ЮТЭЙР-Вертолетные услуги»,2027-12-31,год,base,Финмодель новой сделки Ми-8,PROJECT_INCOME_TAX,Налог на прибыль проекта,4607.123856421004,4607.123856421004,тыс. руб.,RUB,модельный расчет,АК_Ютэйр_финансовая_модель.xlsx,Финмодель!D16,,нет,да,"базовый сценарий, новая сделка Ми-8МТВ-1. DSCR в модели: EBITDA / годовой лизинговый платеж."
RU8604005359_PROJECT_NET_PROFIT_2027,RU8604005359,АО «ЮТЭЙР-Вертолетные услуги»,2027-12-31,год,base,Финмодель новой сделки Ми-8,PROJECT_NET_PROFIT,Чистая прибыль проекта,18428.495425684017,18428.495425684017,тыс. руб.,RUB,модельный расчет,АК_Ютэйр_финансовая_модель.xlsx,Финмодель!D17,,нет,да,"базовый сценарий, новая сделка Ми-8МТВ-1. DSCR в модели: EBITDA / годовой лизинговый платеж."
RU8604005359_PROJECT_OCF_2027,RU8604005359,АО «ЮТЭЙР-Вертолетные услуги»,2027-12-31,год,base,Финмодель новой сделки Ми-8,PROJECT_OCF,Операционный денежный поток проекта,110211.5535152652,110211.5535152652,тыс. руб.,RUB,модельный расчет,АК_Ютэйр_финансовая_модель.xlsx,Финмодель!D18,,нет,да,"базовый сценарий, новая сделка Ми-8МТВ-1. DSCR в модели: EBITDA / годовой лизинговый платеж."
RU8604005359_PROJECT_FCF_2027,RU8604005359,АО «ЮТЭЙР-Вертолетные услуги»,2027-12-31,год,base,Финмодель новой сделки Ми-8,PROJECT_FCF,Свободный денежный поток проекта,18428.495425684014,18428.495425684014,тыс. руб.,RUB,модельный расчет,АК_Ютэйр_финансовая_модель.xlsx,Финмодель!D19,,нет,да,"базовый сценарий, новая сделка Ми-8МТВ-1. DSCR в модели: EBITDA / годовой лизинговый платеж."
RU8604005359_PROJECT_CUMULATIVE_FCF_2027,RU8604005359,АО «ЮТЭЙР-Вертолетные услуги»,2027-12-31,год,base,Финмодель новой сделки Ми-8,PROJECT_CUMULATIVE_FCF,Накопленный свободный денежный поток проекта,39618.17993379498,39618.17993379498,тыс. руб.,RUB,модельный расчет,АК_Ютэйр_финансовая_модель.xlsx,Финмодель!D20,,нет,да,"базовый сценарий, новая сделка Ми-8МТВ-1. DSCR в модели: EBITDA / годовой лизинговый платеж."
RU8604005359_PROJECT_DSCR_2027,RU8604005359,АО «ЮТЭЙР-Вертолетные услуги»,2027-12-31,год,base,Финмодель новой сделки Ми-8,PROJECT_DSCR,DSCR новой сделки - EBITDA / лизинговый платеж,1.2509789906937077,1.2509789906937077,x,,модельный расчет,АК_Ютэйр_финансовая_модель.xlsx,Финмодель!D21,,нет,да,"базовый сценарий, новая сделка Ми-8МТВ-1. DSCR в модели: EBITDA / годовой лизинговый платеж."
RU8604005359_PROJECT_LEASE_BALANCE_OPENING_2027,RU8604005359,АО «ЮТЭЙР-Вертолетные услуги»,2027-12-31,год,base,График лизинга новой сделки Ми-8,PROJECT_LEASE_BALANCE_OPENING,Остаток лизингового обязательства на начало года,640816.9419104188,640816.9419104188,тыс. руб.,RUB,модельный расчет,АК_Ютэйр_финансовая_модель.xlsx,Лизинг!B5,,нет,да,
RU8604005359_PROJECT_LEASE_BALANCE_CLOSING_2027,RU8604005359,АО «ЮТЭЙР-Вертолетные услуги»,2027-12-31,год,base,График лизинга новой сделки Ми-8,PROJECT_LEASE_BALANCE_CLOSING,Остаток лизингового обязательства на конец года,619523.7474309837,619523.7474309837,тыс. руб.,RUB,модельный расчет,АК_Ютэйр_финансовая_модель.xlsx,Лизинг!F5,,нет,да,
RU8604005359_PROJECT_HOURLY_RATE_2028,RU8604005359,АО «ЮТЭЙР-Вертолетные услуги»,2028-12-31,год,base,Финмодель новой сделки Ми-8,PROJECT_HOURLY_RATE,Ставка летного часа,661500.0,661500,руб./л.ч.,RUB,модельный расчет,АК_Ютэйр_финансовая_модель.xlsx,Финмодель!E4,,нет,да,"базовый сценарий, новая сделка Ми-8МТВ-1. DSCR в модели: EBITDA / годовой лизинговый платеж."
RU8604005359_PROJECT_FLIGHT_HOURS_ANNUAL_2028,RU8604005359,АО «ЮТЭЙР-Вертолетные услуги»,2028-12-31,год,base,Финмодель новой сделки Ми-8,PROJECT_FLIGHT_HOURS_ANNUAL,Годовой налет,600.0,600,л.ч. в год,,модельный расчет,АК_Ютэйр_финансовая_модель.xlsx,Финмодель!E5,,нет,да,"базовый сценарий, новая сделка Ми-8МТВ-1. DSCR в модели: EBITDA / годовой лизинговый платеж."
RU8604005359_PROJECT_REVENUE_2028,RU8604005359,АО «ЮТЭЙР-Вертолетные услуги»,2028-12-31,год,base,Финмодель новой сделки Ми-8,PROJECT_REVENUE,Выручка проекта,396900.0,396900,тыс. руб.,RUB,модельный расчет,АК_Ютэйр_финансовая_модель.xlsx,Финмодель!E6,,нет,да,"базовый сценарий, новая сделка Ми-8МТВ-1. DSCR в модели: EBITDA / годовой лизинговый платеж."
RU8604005359_PROJECT_OPEX_EX_MRO_2028,RU8604005359,АО «ЮТЭЙР-Вертолетные услуги»,2028-12-31,год,base,Финмодель новой сделки Ми-8,PROJECT_OPEX_EX_MRO,OPEX без ТОиР,119008.4805,119008.4805,тыс. руб.,RUB,модельный расчет,АК_Ютэйр_финансовая_модель.xlsx,Финмодель!E7,,нет,да,"базовый сценарий, новая сделка Ми-8МТВ-1. DSCR в модели: EBITDA / годовой лизинговый платеж."
RU8604005359_PROJECT_MRO_RESERVE_2028,RU8604005359,АО «ЮТЭЙР-Вертолетные услуги»,2028-12-31,год,base,Финмодель новой сделки Ми-8,PROJECT_MRO_RESERVE,Резерв ТОиР,167820.7021437114,167820.7021437114,тыс. руб.,RUB,модельный расчет,АК_Ютэйр_финансовая_модель.xlsx,Финмодель!E8,,нет,да,"базовый сценарий, новая сделка Ми-8МТВ-1. DSCR в модели: EBITDA / годовой лизинговый платеж."
RU8604005359_PROJECT_TOTAL_OPEX_2028,RU8604005359,АО «ЮТЭЙР-Вертолетные услуги»,2028-12-31,год,base,Финмодель новой сделки Ми-8,PROJECT_TOTAL_OPEX,Совокупный OPEX,286829.1826437114,286829.1826437114,тыс. руб.,RUB,модельный расчет,АК_Ютэйр_финансовая_модель.xlsx,Финмодель!E9,,нет,да,"базовый сценарий, новая сделка Ми-8МТВ-1. DSCR в модели: EBITDA / годовой лизинговый платеж."
RU8604005359_PROJECT_EBITDA_2028,RU8604005359,АО «ЮТЭЙР-Вертолетные услуги»,2028-12-31,год,base,Финмодель новой сделки Ми-8,PROJECT_EBITDA,EBITDA проекта,110070.81735628861,110070.81735628861,тыс. руб.,RUB,модельный расчет,АК_Ютэйр_финансовая_модель.xlsx,Финмодель!E10,,нет,да,"базовый сценарий, новая сделка Ми-8МТВ-1. DSCR в модели: EBITDA / годовой лизинговый платеж."
RU8604005359_PROJECT_EBITDA_MARGIN_2028,RU8604005359,АО «ЮТЭЙР-Вертолетные услуги»,2028-12-31,год,base,Финмодель новой сделки Ми-8,PROJECT_EBITDA_MARGIN,Маржа EBITDA проекта,0.2773263223892381,0.2773263223892381,%,,модельный расчет,АК_Ютэйр_финансовая_модель.xlsx,Финмодель!E11,,нет,да,"базовый сценарий, новая сделка Ми-8МТВ-1. DSCR в модели: EBITDA / годовой лизинговый платеж."
RU8604005359_PROJECT_LEASE_PAYMENT_2028,RU8604005359,АО «ЮТЭЙР-Вертолетные услуги»,2028-12-31,год,base,Финмодель новой сделки Ми-8,PROJECT_LEASE_PAYMENT,Годовой лизинговый платеж по новой сделке,91783.05808958119,91783.05808958119,тыс. руб.,RUB,модельный расчет,АК_Ютэйр_финансовая_модель.xlsx,Финмодель!E12,,нет,да,"базовый сценарий, новая сделка Ми-8МТВ-1. DSCR в модели: EBITDA / годовой лизинговый платеж."
RU8604005359_PROJECT_INTEREST_2028,RU8604005359,АО «ЮТЭЙР-Вертолетные услуги»,2028-12-31,год,base,Финмодель новой сделки Ми-8,PROJECT_INTEREST,Проценты по лизингу,68147.61221740821,68147.61221740821,тыс. руб.,RUB,модельный расчет,АК_Ютэйр_финансовая_модель.xlsx,Финмодель!E13,,нет,да,"базовый сценарий, новая сделка Ми-8МТВ-1. DSCR в модели: EBITDA / годовой лизинговый платеж."
RU8604005359_PROJECT_PRINCIPAL_REPAYMENT_2028,RU8604005359,АО «ЮТЭЙР-Вертолетные услуги»,2028-12-31,год,base,Финмодель новой сделки Ми-8,PROJECT_PRINCIPAL_REPAYMENT,Погашение основного долга,23635.445872172975,23635.445872172975,тыс. руб.,RUB,модельный расчет,АК_Ютэйр_финансовая_модель.xlsx,Финмодель!E14,,нет,да,"базовый сценарий, новая сделка Ми-8МТВ-1. DSCR в модели: EBITDA / годовой лизинговый платеж."
RU8604005359_PROJECT_EBIT_2028,RU8604005359,АО «ЮТЭЙР-Вертолетные услуги»,2028-12-31,год,base,Финмодель новой сделки Ми-8,PROJECT_EBIT,EBIT проекта,18287.75926670742,18287.75926670742,тыс. руб.,RUB,модельный расчет,АК_Ютэйр_финансовая_модель.xlsx,Финмодель!E15,,нет,да,"базовый сценарий, новая сделка Ми-8МТВ-1. DSCR в модели: EBITDA / годовой лизинговый платеж."
RU8604005359_PROJECT_INCOME_TAX_2028,RU8604005359,АО «ЮТЭЙР-Вертолетные услуги»,2028-12-31,год,base,Финмодель новой сделки Ми-8,PROJECT_INCOME_TAX,Налог на прибыль проекта,3657.5518533414843,3657.5518533414843,тыс. руб.,RUB,модельный расчет,АК_Ютэйр_финансовая_модель.xlsx,Финмодель!E16,,нет,да,"базовый сценарий, новая сделка Ми-8МТВ-1. DSCR в модели: EBITDA / годовой лизинговый платеж."
RU8604005359_PROJECT_NET_PROFIT_2028,RU8604005359,АО «ЮТЭЙР-Вертолетные услуги»,2028-12-31,год,base,Финмодель новой сделки Ми-8,PROJECT_NET_PROFIT,Чистая прибыль проекта,14630.207413365937,14630.207413365937,тыс. руб.,RUB,модельный расчет,АК_Ютэйр_финансовая_модель.xlsx,Финмодель!E17,,нет,да,"базовый сценарий, новая сделка Ми-8МТВ-1. DSCR в модели: EBITDA / годовой лизинговый платеж."
RU8604005359_PROJECT_OCF_2028,RU8604005359,АО «ЮТЭЙР-Вертолетные услуги»,2028-12-31,год,base,Финмодель новой сделки Ми-8,PROJECT_OCF,Операционный денежный поток проекта,106413.26550294712,106413.26550294712,тыс. руб.,RUB,модельный расчет,АК_Ютэйр_финансовая_модель.xlsx,Финмодель!E18,,нет,да,"базовый сценарий, новая сделка Ми-8МТВ-1. DSCR в модели: EBITDA / годовой лизинговый платеж."
RU8604005359_PROJECT_FCF_2028,RU8604005359,АО «ЮТЭЙР-Вертолетные услуги»,2028-12-31,год,base,Финмодель новой сделки Ми-8,PROJECT_FCF,Свободный денежный поток проекта,14630.207413365933,14630.207413365933,тыс. руб.,RUB,модельный расчет,АК_Ютэйр_финансовая_модель.xlsx,Финмодель!E19,,нет,да,"базовый сценарий, новая сделка Ми-8МТВ-1. DSCR в модели: EBITDA / годовой лизинговый платеж."
RU8604005359_PROJECT_CUMULATIVE_FCF_2028,RU8604005359,АО «ЮТЭЙР-Вертолетные услуги»,2028-12-31,год,base,Финмодель новой сделки Ми-8,PROJECT_CUMULATIVE_FCF,Накопленный свободный денежный поток проекта,54248.38734716091,54248.38734716091,тыс. руб.,RUB,модельный расчет,АК_Ютэйр_финансовая_модель.xlsx,Финмодель!E20,,нет,да,"базовый сценарий, новая сделка Ми-8МТВ-1. DSCR в модели: EBITDA / годовой лизинговый платеж."
RU8604005359_PROJECT_DSCR_2028,RU8604005359,АО «ЮТЭЙР-Вертолетные услуги»,2028-12-31,год,base,Финмодель новой сделки Ми-8,PROJECT_DSCR,DSCR новой сделки - EBITDA / лизинговый платеж,1.1992498359431256,1.1992498359431256,x,,модельный расчет,АК_Ютэйр_финансовая_модель.xlsx,Финмодель!E21,,нет,да,"базовый сценарий, новая сделка Ми-8МТВ-1. DSCR в модели: EBITDA / годовой лизинговый платеж."
RU8604005359_PROJECT_LEASE_BALANCE_OPENING_2028,RU8604005359,АО «ЮТЭЙР-Вертолетные услуги»,2028-12-31,год,base,График лизинга новой сделки Ми-8,PROJECT_LEASE_BALANCE_OPENING,Остаток лизингового обязательства на начало года,619523.7474309837,619523.7474309837,тыс. руб.,RUB,модельный расчет,АК_Ютэйр_финансовая_модель.xlsx,Лизинг!B6,,нет,да,
RU8604005359_PROJECT_LEASE_BALANCE_CLOSING_2028,RU8604005359,АО «ЮТЭЙР-Вертолетные услуги»,2028-12-31,год,base,График лизинга новой сделки Ми-8,PROJECT_LEASE_BALANCE_CLOSING,Остаток лизингового обязательства на конец года,595888.3015588108,595888.3015588108,тыс. руб.,RUB,модельный расчет,АК_Ютэйр_финансовая_модель.xlsx,Лизинг!F6,,нет,да,
RU8604005359_PROJECT_HOURLY_RATE_2029,RU8604005359,АО «ЮТЭЙР-Вертолетные услуги»,2029-12-31,год,base,Финмодель новой сделки Ми-8,PROJECT_HOURLY_RATE,Ставка летного часа,694575.0000000001,694575.0000000001,руб./л.ч.,RUB,модельный расчет,АК_Ютэйр_финансовая_модель.xlsx,Финмодель!F4,,нет,да,"базовый сценарий, новая сделка Ми-8МТВ-1. DSCR в модели: EBITDA / годовой лизинговый платеж."
RU8604005359_PROJECT_FLIGHT_HOURS_ANNUAL_2029,RU8604005359,АО «ЮТЭЙР-Вертолетные услуги»,2029-12-31,год,base,Финмодель новой сделки Ми-8,PROJECT_FLIGHT_HOURS_ANNUAL,Годовой налет,600.0,600,л.ч. в год,,модельный расчет,АК_Ютэйр_финансовая_модель.xlsx,Финмодель!F5,,нет,да,"базовый сценарий, новая сделка Ми-8МТВ-1. DSCR в модели: EBITDA / годовой лизинговый платеж."
RU8604005359_PROJECT_REVENUE_2029,RU8604005359,АО «ЮТЭЙР-Вертолетные услуги»,2029-12-31,год,base,Финмодель новой сделки Ми-8,PROJECT_REVENUE,Выручка проекта,416745.00000000006,416745.00000000006,тыс. руб.,RUB,модельный расчет,АК_Ютэйр_финансовая_модель.xlsx,Финмодель!F6,,нет,да,"базовый сценарий, новая сделка Ми-8МТВ-1. DSCR в модели: EBITDA / годовой лизинговый платеж."
RU8604005359_PROJECT_OPEX_EX_MRO_2029,RU8604005359,АО «ЮТЭЙР-Вертолетные услуги»,2029-12-31,год,base,Финмодель новой сделки Ми-8,PROJECT_OPEX_EX_MRO,OPEX без ТОиР,124958.90452500002,124958.90452500002,тыс. руб.,RUB,модельный расчет,АК_Ютэйр_финансовая_модель.xlsx,Финмодель!F7,,нет,да,"базовый сценарий, новая сделка Ми-8МТВ-1. DSCR в модели: EBITDA / годовой лизинговый платеж."
RU8604005359_PROJECT_MRO_RESERVE_2029,RU8604005359,АО «ЮТЭЙР-Вертолетные услуги»,2029-12-31,год,base,Финмодель новой сделки Ми-8,PROJECT_MRO_RESERVE,Резерв ТОиР,187959.18640095677,187959.18640095677,тыс. руб.,RUB,модельный расчет,АК_Ютэйр_финансовая_модель.xlsx,Финмодель!F8,,нет,да,"базовый сценарий, новая сделка Ми-8МТВ-1. DSCR в модели: EBITDA / годовой лизинговый платеж."
RU8604005359_PROJECT_TOTAL_OPEX_2029,RU8604005359,АО «ЮТЭЙР-Вертолетные услуги»,2029-12-31,год,base,Финмодель новой сделки Ми-8,PROJECT_TOTAL_OPEX,Совокупный OPEX,312918.0909259568,312918.0909259568,тыс. руб.,RUB,модельный расчет,АК_Ютэйр_финансовая_модель.xlsx,Финмодель!F9,,нет,да,"базовый сценарий, новая сделка Ми-8МТВ-1. DSCR в модели: EBITDA / годовой лизинговый платеж."
RU8604005359_PROJECT_EBITDA_2029,RU8604005359,АО «ЮТЭЙР-Вертолетные услуги»,2029-12-31,год,base,Финмодель новой сделки Ми-8,PROJECT_EBITDA,EBITDA проекта,103826.90907404327,103826.90907404327,тыс. руб.,RUB,модельный расчет,АК_Ютэйр_финансовая_модель.xlsx,Финмодель!F10,,нет,да,"базовый сценарий, новая сделка Ми-8МТВ-1. DSCR в модели: EBITDA / годовой лизинговый платеж."
RU8604005359_PROJECT_EBITDA_MARGIN_2029,RU8604005359,АО «ЮТЭЙР-Вертолетные услуги»,2029-12-31,год,base,Финмодель новой сделки Ми-8,PROJECT_EBITDA_MARGIN,Маржа EBITDA проекта,0.24913774388185403,0.24913774388185403,%,,модельный расчет,АК_Ютэйр_финансовая_модель.xlsx,Финмодель!F11,,нет,да,"базовый сценарий, новая сделка Ми-8МТВ-1. DSCR в модели: EBITDA / годовой лизинговый платеж."
RU8604005359_PROJECT_LEASE_PAYMENT_2029,RU8604005359,АО «ЮТЭЙР-Вертолетные услуги»,2029-12-31,год,base,Финмодель новой сделки Ми-8,PROJECT_LEASE_PAYMENT,Годовой лизинговый платеж по новой сделке,91783.05808958119,91783.05808958119,тыс. руб.,RUB,модельный расчет,АК_Ютэйр_финансовая_модель.xlsx,Финмодель!F12,,нет,да,"базовый сценарий, новая сделка Ми-8МТВ-1. DSCR в модели: EBITDA / годовой лизинговый платеж."
RU8604005359_PROJECT_INTEREST_2029,RU8604005359,АО «ЮТЭЙР-Вертолетные услуги»,2029-12-31,год,base,Финмодель новой сделки Ми-8,PROJECT_INTEREST,Проценты по лизингу,65547.71317146918,65547.71317146918,тыс. руб.,RUB,модельный расчет,АК_Ютэйр_финансовая_модель.xlsx,Финмодель!F13,,нет,да,"базовый сценарий, новая сделка Ми-8МТВ-1. DSCR в модели: EBITDA / годовой лизинговый платеж."
RU8604005359_PROJECT_PRINCIPAL_REPAYMENT_2029,RU8604005359,АО «ЮТЭЙР-Вертолетные услуги»,2029-12-31,год,base,Финмодель новой сделки Ми-8,PROJECT_PRINCIPAL_REPAYMENT,Погашение основного долга,26235.34491811201,26235.34491811201,тыс. руб.,RUB,модельный расчет,АК_Ютэйр_финансовая_модель.xlsx,Финмодель!F14,,нет,да,"базовый сценарий, новая сделка Ми-8МТВ-1. DSCR в модели: EBITDA / годовой лизинговый платеж."
RU8604005359_PROJECT_EBIT_2029,RU8604005359,АО «ЮТЭЙР-Вертолетные услуги»,2029-12-31,год,base,Финмодель новой сделки Ми-8,PROJECT_EBIT,EBIT проекта,12043.850984462086,12043.850984462086,тыс. руб.,RUB,модельный расчет,АК_Ютэйр_финансовая_модель.xlsx,Финмодель!F15,,нет,да,"базовый сценарий, новая сделка Ми-8МТВ-1. DSCR в модели: EBITDA / годовой лизинговый платеж."
RU8604005359_PROJECT_INCOME_TAX_2029,RU8604005359,АО «ЮТЭЙР-Вертолетные услуги»,2029-12-31,год,base,Финмодель новой сделки Ми-8,PROJECT_INCOME_TAX,Налог на прибыль проекта,2408.770196892417,2408.770196892417,тыс. руб.,RUB,модельный расчет,АК_Ютэйр_финансовая_модель.xlsx,Финмодель!F16,,нет,да,"базовый сценарий, новая сделка Ми-8МТВ-1. DSCR в модели: EBITDA / годовой лизинговый платеж."
RU8604005359_PROJECT_NET_PROFIT_2029,RU8604005359,АО «ЮТЭЙР-Вертолетные услуги»,2029-12-31,год,base,Финмодель новой сделки Ми-8,PROJECT_NET_PROFIT,Чистая прибыль проекта,9635.080787569668,9635.080787569668,тыс. руб.,RUB,модельный расчет,АК_Ютэйр_финансовая_модель.xlsx,Финмодель!F17,,нет,да,"базовый сценарий, новая сделка Ми-8МТВ-1. DSCR в модели: EBITDA / годовой лизинговый платеж."
RU8604005359_PROJECT_OCF_2029,RU8604005359,АО «ЮТЭЙР-Вертолетные услуги»,2029-12-31,год,base,Финмодель новой сделки Ми-8,PROJECT_OCF,Операционный денежный поток проекта,101418.13887715085,101418.13887715085,тыс. руб.,RUB,модельный расчет,АК_Ютэйр_финансовая_модель.xlsx,Финмодель!F18,,нет,да,"базовый сценарий, новая сделка Ми-8МТВ-1. DSCR в модели: EBITDA / годовой лизинговый платеж."
RU8604005359_PROJECT_FCF_2029,RU8604005359,АО «ЮТЭЙР-Вертолетные услуги»,2029-12-31,год,base,Финмодель новой сделки Ми-8,PROJECT_FCF,Свободный денежный поток проекта,9635.080787569663,9635.080787569663,тыс. руб.,RUB,модельный расчет,АК_Ютэйр_финансовая_модель.xlsx,Финмодель!F19,,нет,да,"базовый сценарий, новая сделка Ми-8МТВ-1. DSCR в модели: EBITDA / годовой лизинговый платеж."
RU8604005359_PROJECT_CUMULATIVE_FCF_2029,RU8604005359,АО «ЮТЭЙР-Вертолетные услуги»,2029-12-31,год,base,Финмодель новой сделки Ми-8,PROJECT_CUMULATIVE_FCF,Накопленный свободный денежный поток проекта,63883.468134730574,63883.468134730574,тыс. руб.,RUB,модельный расчет,АК_Ютэйр_финансовая_модель.xlsx,Финмодель!F20,,нет,да,"базовый сценарий, новая сделка Ми-8МТВ-1. DSCR в модели: EBITDA / годовой лизинговый платеж."
RU8604005359_PROJECT_DSCR_2029,RU8604005359,АО «ЮТЭЙР-Вертолетные услуги»,2029-12-31,год,base,Финмодель новой сделки Ми-8,PROJECT_DSCR,DSCR новой сделки - EBITDA / лизинговый платеж,1.1312208509407822,1.1312208509407822,x,,модельный расчет,АК_Ютэйр_финансовая_модель.xlsx,Финмодель!F21,,нет,да,"базовый сценарий, новая сделка Ми-8МТВ-1. DSCR в модели: EBITDA / годовой лизинговый платеж."
RU8604005359_PROJECT_LEASE_BALANCE_OPENING_2029,RU8604005359,АО «ЮТЭЙР-Вертолетные услуги»,2029-12-31,год,base,График лизинга новой сделки Ми-8,PROJECT_LEASE_BALANCE_OPENING,Остаток лизингового обязательства на начало года,595888.3015588108,595888.3015588108,тыс. руб.,RUB,модельный расчет,АК_Ютэйр_финансовая_модель.xlsx,Лизинг!B7,,нет,да,
RU8604005359_PROJECT_LEASE_BALANCE_CLOSING_2029,RU8604005359,АО «ЮТЭЙР-Вертолетные услуги»,2029-12-31,год,base,График лизинга новой сделки Ми-8,PROJECT_LEASE_BALANCE_CLOSING,Остаток лизингового обязательства на конец года,569652.9566406987,569652.9566406987,тыс. руб.,RUB,модельный расчет,АК_Ютэйр_финансовая_модель.xlsx,Лизинг!F7,,нет,да,
RU8604005359_PROJECT_HOURLY_RATE_2030,RU8604005359,АО «ЮТЭЙР-Вертолетные услуги»,2030-12-31,год,base,Финмодель новой сделки Ми-8,PROJECT_HOURLY_RATE,Ставка летного часа,729303.7500000001,729303.7500000001,руб./л.ч.,RUB,модельный расчет,АК_Ютэйр_финансовая_модель.xlsx,Финмодель!G4,,нет,да,"базовый сценарий, новая сделка Ми-8МТВ-1. DSCR в модели: EBITDA / годовой лизинговый платеж."
RU8604005359_PROJECT_FLIGHT_HOURS_ANNUAL_2030,RU8604005359,АО «ЮТЭЙР-Вертолетные услуги»,2030-12-31,год,base,Финмодель новой сделки Ми-8,PROJECT_FLIGHT_HOURS_ANNUAL,Годовой налет,600.0,600,л.ч. в год,,модельный расчет,АК_Ютэйр_финансовая_модель.xlsx,Финмодель!G5,,нет,да,"базовый сценарий, новая сделка Ми-8МТВ-1. DSCR в модели: EBITDA / годовой лизинговый платеж."
RU8604005359_PROJECT_REVENUE_2030,RU8604005359,АО «ЮТЭЙР-Вертолетные услуги»,2030-12-31,год,base,Финмодель новой сделки Ми-8,PROJECT_REVENUE,Выручка проекта,437582.25000000006,437582.25000000006,тыс. руб.,RUB,модельный расчет,АК_Ютэйр_финансовая_модель.xlsx,Финмодель!G6,,нет,да,"базовый сценарий, новая сделка Ми-8МТВ-1. DSCR в модели: EBITDA / годовой лизинговый платеж."
RU8604005359_PROJECT_OPEX_EX_MRO_2030,RU8604005359,АО «ЮТЭЙР-Вертолетные услуги»,2030-12-31,год,base,Финмодель новой сделки Ми-8,PROJECT_OPEX_EX_MRO,OPEX без ТОиР,131206.84975125,131206.84975125,тыс. руб.,RUB,модельный расчет,АК_Ютэйр_финансовая_модель.xlsx,Финмодель!G7,,нет,да,"базовый сценарий, новая сделка Ми-8МТВ-1. DSCR в модели: EBITDA / годовой лизинговый платеж."
RU8604005359_PROJECT_MRO_RESERVE_2030,RU8604005359,АО «ЮТЭЙР-Вертолетные услуги»,2030-12-31,год,base,Финмодель новой сделки Ми-8,PROJECT_MRO_RESERVE,Резерв ТОиР,210514.2887690716,210514.2887690716,тыс. руб.,RUB,модельный расчет,АК_Ютэйр_финансовая_модель.xlsx,Финмодель!G8,,нет,да,"базовый сценарий, новая сделка Ми-8МТВ-1. DSCR в модели: EBITDA / годовой лизинговый платеж."
RU8604005359_PROJECT_TOTAL_OPEX_2030,RU8604005359,АО «ЮТЭЙР-Вертолетные услуги»,2030-12-31,год,base,Финмодель новой сделки Ми-8,PROJECT_TOTAL_OPEX,Совокупный OPEX,341721.1385203216,341721.1385203216,тыс. руб.,RUB,модельный расчет,АК_Ютэйр_финансовая_модель.xlsx,Финмодель!G9,,нет,да,"базовый сценарий, новая сделка Ми-8МТВ-1. DSCR в модели: EBITDA / годовой лизинговый платеж."
RU8604005359_PROJECT_EBITDA_2030,RU8604005359,АО «ЮТЭЙР-Вертолетные услуги»,2030-12-31,год,base,Финмодель новой сделки Ми-8,PROJECT_EBITDA,EBITDA проекта,95861.11147967848,95861.11147967848,тыс. руб.,RUB,модельный расчет,АК_Ютэйр_финансовая_модель.xlsx,Финмодель!G10,,нет,да,"базовый сценарий, новая сделка Ми-8МТВ-1. DSCR в модели: EBITDA / годовой лизинговый платеж."
RU8604005359_PROJECT_EBITDA_MARGIN_2030,RU8604005359,АО «ЮТЭЙР-Вертолетные услуги»,2030-12-31,год,base,Финмодель новой сделки Ми-8,PROJECT_EBITDA_MARGIN,Маржа EBITDA проекта,0.21906992680731102,0.21906992680731102,%,,модельный расчет,АК_Ютэйр_финансовая_модель.xlsx,Финмодель!G11,,нет,да,"базовый сценарий, новая сделка Ми-8МТВ-1. DSCR в модели: EBITDA / годовой лизинговый платеж."
RU8604005359_PROJECT_LEASE_PAYMENT_2030,RU8604005359,АО «ЮТЭЙР-Вертолетные услуги»,2030-12-31,год,base,Финмодель новой сделки Ми-8,PROJECT_LEASE_PAYMENT,Годовой лизинговый платеж по новой сделке,91783.05808958119,91783.05808958119,тыс. руб.,RUB,модельный расчет,АК_Ютэйр_финансовая_модель.xlsx,Финмодель!G12,,нет,да,"базовый сценарий, новая сделка Ми-8МТВ-1. DSCR в модели: EBITDA / годовой лизинговый платеж."
RU8604005359_PROJECT_INTEREST_2030,RU8604005359,АО «ЮТЭЙР-Вертолетные услуги»,2030-12-31,год,base,Финмодель новой сделки Ми-8,PROJECT_INTEREST,Проценты по лизингу,62661.82523047686,62661.82523047686,тыс. руб.,RUB,модельный расчет,АК_Ютэйр_финансовая_модель.xlsx,Финмодель!G13,,нет,да,"базовый сценарий, новая сделка Ми-8МТВ-1. DSCR в модели: EBITDA / годовой лизинговый платеж."
RU8604005359_PROJECT_PRINCIPAL_REPAYMENT_2030,RU8604005359,АО «ЮТЭЙР-Вертолетные услуги»,2030-12-31,год,base,Финмодель новой сделки Ми-8,PROJECT_PRINCIPAL_REPAYMENT,Погашение основного долга,29121.232859104326,29121.232859104326,тыс. руб.,RUB,модельный расчет,АК_Ютэйр_финансовая_модель.xlsx,Финмодель!G14,,нет,да,"базовый сценарий, новая сделка Ми-8МТВ-1. DSCR в модели: EBITDA / годовой лизинговый платеж."
RU8604005359_PROJECT_EBIT_2030,RU8604005359,АО «ЮТЭЙР-Вертолетные услуги»,2030-12-31,год,base,Финмодель новой сделки Ми-8,PROJECT_EBIT,EBIT проекта,4078.053390097295,4078.053390097295,тыс. руб.,RUB,модельный расчет,АК_Ютэйр_финансовая_модель.xlsx,Финмодель!G15,,нет,да,"базовый сценарий, новая сделка Ми-8МТВ-1. DSCR в модели: EBITDA / годовой лизинговый платеж."
RU8604005359_PROJECT_INCOME_TAX_2030,RU8604005359,АО «ЮТЭЙР-Вертолетные услуги»,2030-12-31,год,base,Финмодель новой сделки Ми-8,PROJECT_INCOME_TAX,Налог на прибыль проекта,815.6106780194591,815.6106780194591,тыс. руб.,RUB,модельный расчет,АК_Ютэйр_финансовая_модель.xlsx,Финмодель!G16,,нет,да,"базовый сценарий, новая сделка Ми-8МТВ-1. DSCR в модели: EBITDA / годовой лизинговый платеж."
RU8604005359_PROJECT_NET_PROFIT_2030,RU8604005359,АО «ЮТЭЙР-Вертолетные услуги»,2030-12-31,год,base,Финмодель новой сделки Ми-8,PROJECT_NET_PROFIT,Чистая прибыль проекта,3262.442712077836,3262.442712077836,тыс. руб.,RUB,модельный расчет,АК_Ютэйр_финансовая_модель.xlsx,Финмодель!G17,,нет,да,"базовый сценарий, новая сделка Ми-8МТВ-1. DSCR в модели: EBITDA / годовой лизинговый платеж."
RU8604005359_PROJECT_OCF_2030,RU8604005359,АО «ЮТЭЙР-Вертолетные услуги»,2030-12-31,год,base,Финмодель новой сделки Ми-8,PROJECT_OCF,Операционный денежный поток проекта,95045.50080165903,95045.50080165903,тыс. руб.,RUB,модельный расчет,АК_Ютэйр_финансовая_модель.xlsx,Финмодель!G18,,нет,да,"базовый сценарий, новая сделка Ми-8МТВ-1. DSCR в модели: EBITDA / годовой лизинговый платеж."
RU8604005359_PROJECT_FCF_2030,RU8604005359,АО «ЮТЭЙР-Вертолетные услуги»,2030-12-31,год,base,Финмодель новой сделки Ми-8,PROJECT_FCF,Свободный денежный поток проекта,3262.442712077842,3262.442712077842,тыс. руб.,RUB,модельный расчет,АК_Ютэйр_финансовая_модель.xlsx,Финмодель!G19,,нет,да,"базовый сценарий, новая сделка Ми-8МТВ-1. DSCR в модели: EBITDA / годовой лизинговый платеж."
RU8604005359_PROJECT_CUMULATIVE_FCF_2030,RU8604005359,АО «ЮТЭЙР-Вертолетные услуги»,2030-12-31,год,base,Финмодель новой сделки Ми-8,PROJECT_CUMULATIVE_FCF,Накопленный свободный денежный поток проекта,67145.91084680842,67145.91084680842,тыс. руб.,RUB,модельный расчет,АК_Ютэйр_финансовая_модель.xlsx,Финмодель!G20,,нет,да,"базовый сценарий, новая сделка Ми-8МТВ-1. DSCR в модели: EBITDA / годовой лизинговый платеж."
RU8604005359_PROJECT_DSCR_2030,RU8604005359,АО «ЮТЭЙР-Вертолетные услуги»,2030-12-31,год,base,Финмодель новой сделки Ми-8,PROJECT_DSCR,DSCR новой сделки - EBITDA / лизинговый платеж,1.0444314394723815,1.0444314394723815,x,,модельный расчет,АК_Ютэйр_финансовая_модель.xlsx,Финмодель!G21,,нет,да,"базовый сценарий, новая сделка Ми-8МТВ-1. DSCR в модели: EBITDA / годовой лизинговый платеж."
RU8604005359_PROJECT_LEASE_BALANCE_OPENING_2030,RU8604005359,АО «ЮТЭЙР-Вертолетные услуги»,2030-12-31,год,base,График лизинга новой сделки Ми-8,PROJECT_LEASE_BALANCE_OPENING,Остаток лизингового обязательства на начало года,569652.9566406987,569652.9566406987,тыс. руб.,RUB,модельный расчет,АК_Ютэйр_финансовая_модель.xlsx,Лизинг!B8,,нет,да,
RU8604005359_PROJECT_LEASE_BALANCE_CLOSING_2030,RU8604005359,АО «ЮТЭЙР-Вертолетные услуги»,2030-12-31,год,base,График лизинга новой сделки Ми-8,PROJECT_LEASE_BALANCE_CLOSING,Остаток лизингового обязательства на конец года,540531.7237815944,540531.7237815944,тыс. руб.,RUB,модельный расчет,АК_Ютэйр_финансовая_модель.xlsx,Лизинг!F8,,нет,да,
RU8604005359_PROJECT_HOURLY_RATE_2031,RU8604005359,АО «ЮТЭЙР-Вертолетные услуги»,2031-12-31,год,base,Финмодель новой сделки Ми-8,PROJECT_HOURLY_RATE,Ставка летного часа,765768.9375000002,765768.9375000002,руб./л.ч.,RUB,модельный расчет,АК_Ютэйр_финансовая_модель.xlsx,Финмодель!H4,,нет,да,"базовый сценарий, новая сделка Ми-8МТВ-1. DSCR в модели: EBITDA / годовой лизинговый платеж."
RU8604005359_PROJECT_FLIGHT_HOURS_ANNUAL_2031,RU8604005359,АО «ЮТЭЙР-Вертолетные услуги»,2031-12-31,год,base,Финмодель новой сделки Ми-8,PROJECT_FLIGHT_HOURS_ANNUAL,Годовой налет,600.0,600,л.ч. в год,,модельный расчет,АК_Ютэйр_финансовая_модель.xlsx,Финмодель!H5,,нет,да,"базовый сценарий, новая сделка Ми-8МТВ-1. DSCR в модели: EBITDA / годовой лизинговый платеж."
RU8604005359_PROJECT_REVENUE_2031,RU8604005359,АО «ЮТЭЙР-Вертолетные услуги»,2031-12-31,год,base,Финмодель новой сделки Ми-8,PROJECT_REVENUE,Выручка проекта,459461.3625000001,459461.3625000001,тыс. руб.,RUB,модельный расчет,АК_Ютэйр_финансовая_модель.xlsx,Финмодель!H6,,нет,да,"базовый сценарий, новая сделка Ми-8МТВ-1. DSCR в модели: EBITDA / годовой лизинговый платеж."
RU8604005359_PROJECT_OPEX_EX_MRO_2031,RU8604005359,АО «ЮТЭЙР-Вертолетные услуги»,2031-12-31,год,base,Финмодель новой сделки Ми-8,PROJECT_OPEX_EX_MRO,OPEX без ТОиР,137767.19223881254,137767.19223881254,тыс. руб.,RUB,модельный расчет,АК_Ютэйр_финансовая_модель.xlsx,Финмодель!H7,,нет,да,"базовый сценарий, новая сделка Ми-8МТВ-1. DSCR в модели: EBITDA / годовой лизинговый платеж."
RU8604005359_PROJECT_MRO_RESERVE_2031,RU8604005359,АО «ЮТЭЙР-Вертолетные услуги»,2031-12-31,год,base,Финмодель новой сделки Ми-8,PROJECT_MRO_RESERVE,Резерв ТОиР,235776.00342136022,235776.00342136022,тыс. руб.,RUB,модельный расчет,АК_Ютэйр_финансовая_модель.xlsx,Финмодель!H8,,нет,да,"базовый сценарий, новая сделка Ми-8МТВ-1. DSCR в модели: EBITDA / годовой лизинговый платеж."
RU8604005359_PROJECT_TOTAL_OPEX_2031,RU8604005359,АО «ЮТЭЙР-Вертолетные услуги»,2031-12-31,год,base,Финмодель новой сделки Ми-8,PROJECT_TOTAL_OPEX,Совокупный OPEX,373543.1956601727,373543.1956601727,тыс. руб.,RUB,модельный расчет,АК_Ютэйр_финансовая_модель.xlsx,Финмодель!H9,,нет,да,"базовый сценарий, новая сделка Ми-8МТВ-1. DSCR в модели: EBITDA / годовой лизинговый платеж."
RU8604005359_PROJECT_EBITDA_2031,RU8604005359,АО «ЮТЭЙР-Вертолетные услуги»,2031-12-31,год,base,Финмодель новой сделки Ми-8,PROJECT_EBITDA,EBITDA проекта,85918.16683982738,85918.16683982738,тыс. руб.,RUB,модельный расчет,АК_Ютэйр_финансовая_модель.xlsx,Финмодель!H10,,нет,да,"базовый сценарий, новая сделка Ми-8МТВ-1. DSCR в модели: EBITDA / годовой лизинговый платеж."
RU8604005359_PROJECT_EBITDA_MARGIN_2031,RU8604005359,АО «ЮТЭЙР-Вертолетные услуги»,2031-12-31,год,base,Финмодель новой сделки Ми-8,PROJECT_EBITDA_MARGIN,Маржа EBITDA проекта,0.18699758859446503,0.18699758859446503,%,,модельный расчет,АК_Ютэйр_финансовая_модель.xlsx,Финмодель!H11,,нет,да,"базовый сценарий, новая сделка Ми-8МТВ-1. DSCR в модели: EBITDA / годовой лизинговый платеж."
RU8604005359_PROJECT_LEASE_PAYMENT_2031,RU8604005359,АО «ЮТЭЙР-Вертолетные услуги»,2031-12-31,год,base,Финмодель новой сделки Ми-8,PROJECT_LEASE_PAYMENT,Годовой лизинговый платеж по новой сделке,91783.05808958119,91783.05808958119,тыс. руб.,RUB,модельный расчет,АК_Ютэйр_финансовая_модель.xlsx,Финмодель!H12,,нет,да,"базовый сценарий, новая сделка Ми-8МТВ-1. DSCR в модели: EBITDA / годовой лизинговый платеж."
RU8604005359_PROJECT_INTEREST_2031,RU8604005359,АО «ЮТЭЙР-Вертолетные услуги»,2031-12-31,год,base,Финмодель новой сделки Ми-8,PROJECT_INTEREST,Проценты по лизингу,59458.489615975384,59458.489615975384,тыс. руб.,RUB,модельный расчет,АК_Ютэйр_финансовая_модель.xlsx,Финмодель!H13,,нет,да,"базовый сценарий, новая сделка Ми-8МТВ-1. DSCR в модели: EBITDA / годовой лизинговый платеж."
RU8604005359_PROJECT_PRINCIPAL_REPAYMENT_2031,RU8604005359,АО «ЮТЭЙР-Вертолетные услуги»,2031-12-31,год,base,Финмодель новой сделки Ми-8,PROJECT_PRINCIPAL_REPAYMENT,Погашение основного долга,32324.568473605803,32324.568473605803,тыс. руб.,RUB,модельный расчет,АК_Ютэйр_финансовая_модель.xlsx,Финмодель!H14,,нет,да,"базовый сценарий, новая сделка Ми-8МТВ-1. DSCR в модели: EBITDA / годовой лизинговый платеж."
RU8604005359_PROJECT_EBIT_2031,RU8604005359,АО «ЮТЭЙР-Вертолетные услуги»,2031-12-31,год,base,Финмодель новой сделки Ми-8,PROJECT_EBIT,EBIT проекта,-5864.891249753811,-5864.891249753811,тыс. руб.,RUB,модельный расчет,АК_Ютэйр_финансовая_модель.xlsx,Финмодель!H15,,нет,да,"базовый сценарий, новая сделка Ми-8МТВ-1. DSCR в модели: EBITDA / годовой лизинговый платеж."
RU8604005359_PROJECT_INCOME_TAX_2031,RU8604005359,АО «ЮТЭЙР-Вертолетные услуги»,2031-12-31,год,base,Финмодель новой сделки Ми-8,PROJECT_INCOME_TAX,Налог на прибыль проекта,0.0,0,тыс. руб.,RUB,модельный расчет,АК_Ютэйр_финансовая_модель.xlsx,Финмодель!H16,,нет,да,"базовый сценарий, новая сделка Ми-8МТВ-1. DSCR в модели: EBITDA / годовой лизинговый платеж."
RU8604005359_PROJECT_NET_PROFIT_2031,RU8604005359,АО «ЮТЭЙР-Вертолетные услуги»,2031-12-31,год,base,Финмодель новой сделки Ми-8,PROJECT_NET_PROFIT,Чистая прибыль проекта,-5864.891249753811,-5864.891249753811,тыс. руб.,RUB,модельный расчет,АК_Ютэйр_финансовая_модель.xlsx,Финмодель!H17,,нет,да,"базовый сценарий, новая сделка Ми-8МТВ-1. DSCR в модели: EBITDA / годовой лизинговый платеж."
RU8604005359_PROJECT_OCF_2031,RU8604005359,АО «ЮТЭЙР-Вертолетные услуги»,2031-12-31,год,base,Финмодель новой сделки Ми-8,PROJECT_OCF,Операционный денежный поток проекта,85918.16683982738,85918.16683982738,тыс. руб.,RUB,модельный расчет,АК_Ютэйр_финансовая_модель.xlsx,Финмодель!H18,,нет,да,"базовый сценарий, новая сделка Ми-8МТВ-1. DSCR в модели: EBITDA / годовой лизинговый платеж."
RU8604005359_PROJECT_FCF_2031,RU8604005359,АО «ЮТЭЙР-Вертолетные услуги»,2031-12-31,год,base,Финмодель новой сделки Ми-8,PROJECT_FCF,Свободный денежный поток проекта,-5864.891249753811,-5864.891249753811,тыс. руб.,RUB,модельный расчет,АК_Ютэйр_финансовая_модель.xlsx,Финмодель!H19,,нет,да,"базовый сценарий, новая сделка Ми-8МТВ-1. DSCR в модели: EBITDA / годовой лизинговый платеж."
RU8604005359_PROJECT_CUMULATIVE_FCF_2031,RU8604005359,АО «ЮТЭЙР-Вертолетные услуги»,2031-12-31,год,base,Финмодель новой сделки Ми-8,PROJECT_CUMULATIVE_FCF,Накопленный свободный денежный поток проекта,61281.019597054605,61281.019597054605,тыс. руб.,RUB,модельный расчет,АК_Ютэйр_финансовая_модель.xlsx,Финмодель!H20,,нет,да,"базовый сценарий, новая сделка Ми-8МТВ-1. DSCR в модели: EBITDA / годовой лизинговый платеж."
RU8604005359_PROJECT_DSCR_2031,RU8604005359,АО «ЮТЭЙР-Вертолетные услуги»,2031-12-31,год,base,Финмодель новой сделки Ми-8,PROJECT_DSCR,DSCR новой сделки - EBITDA / лизинговый платеж,0.9361005029487074,0.9361005029487074,x,,модельный расчет,АК_Ютэйр_финансовая_модель.xlsx,Финмодель!H21,,нет,да,"базовый сценарий, новая сделка Ми-8МТВ-1. DSCR в модели: EBITDA / годовой лизинговый платеж."
RU8604005359_PROJECT_LEASE_BALANCE_OPENING_2031,RU8604005359,АО «ЮТЭЙР-Вертолетные услуги»,2031-12-31,год,base,График лизинга новой сделки Ми-8,PROJECT_LEASE_BALANCE_OPENING,Остаток лизингового обязательства на начало года,540531.7237815944,540531.7237815944,тыс. руб.,RUB,модельный расчет,АК_Ютэйр_финансовая_модель.xlsx,Лизинг!B9,,нет,да,
RU8604005359_PROJECT_LEASE_BALANCE_CLOSING_2031,RU8604005359,АО «ЮТЭЙР-Вертолетные услуги»,2031-12-31,год,base,График лизинга новой сделки Ми-8,PROJECT_LEASE_BALANCE_CLOSING,Остаток лизингового обязательства на конец года,508207.15530798864,508207.15530798864,тыс. руб.,RUB,модельный расчет,АК_Ютэйр_финансовая_модель.xlsx,Лизинг!F9,,нет,да,
RU8604005359_PROJECT_HOURLY_RATE_2032,RU8604005359,АО «ЮТЭЙР-Вертолетные услуги»,2032-12-31,год,base,Финмодель новой сделки Ми-8,PROJECT_HOURLY_RATE,Ставка летного часа,804057.3843750003,804057.3843750003,руб./л.ч.,RUB,модельный расчет,АК_Ютэйр_финансовая_модель.xlsx,Финмодель!I4,,нет,да,"базовый сценарий, новая сделка Ми-8МТВ-1. DSCR в модели: EBITDA / годовой лизинговый платеж."
RU8604005359_PROJECT_FLIGHT_HOURS_ANNUAL_2032,RU8604005359,АО «ЮТЭЙР-Вертолетные услуги»,2032-12-31,год,base,Финмодель новой сделки Ми-8,PROJECT_FLIGHT_HOURS_ANNUAL,Годовой налет,600.0,600,л.ч. в год,,модельный расчет,АК_Ютэйр_финансовая_модель.xlsx,Финмодель!I5,,нет,да,"базовый сценарий, новая сделка Ми-8МТВ-1. DSCR в модели: EBITDA / годовой лизинговый платеж."
RU8604005359_PROJECT_REVENUE_2032,RU8604005359,АО «ЮТЭЙР-Вертолетные услуги»,2032-12-31,год,base,Финмодель новой сделки Ми-8,PROJECT_REVENUE,Выручка проекта,482434.43062500015,482434.43062500015,тыс. руб.,RUB,модельный расчет,АК_Ютэйр_финансовая_модель.xlsx,Финмодель!I6,,нет,да,"базовый сценарий, новая сделка Ми-8МТВ-1. DSCR в модели: EBITDA / годовой лизинговый платеж."
RU8604005359_PROJECT_OPEX_EX_MRO_2032,RU8604005359,АО «ЮТЭЙР-Вертолетные услуги»,2032-12-31,год,base,Финмодель новой сделки Ми-8,PROJECT_OPEX_EX_MRO,OPEX без ТОиР,144655.5518507532,144655.5518507532,тыс. руб.,RUB,модельный расчет,АК_Ютэйр_финансовая_модель.xlsx,Финмодель!I7,,нет,да,"базовый сценарий, новая сделка Ми-8МТВ-1. DSCR в модели: EBITDA / годовой лизинговый платеж."
RU8604005359_PROJECT_MRO_RESERVE_2032,RU8604005359,АО «ЮТЭЙР-Вертолетные услуги»,2032-12-31,год,base,Финмодель новой сделки Ми-8,PROJECT_MRO_RESERVE,Резерв ТОиР,264069.12383192347,264069.12383192347,тыс. руб.,RUB,модельный расчет,АК_Ютэйр_финансовая_модель.xlsx,Финмодель!I8,,нет,да,"базовый сценарий, новая сделка Ми-8МТВ-1. DSCR в модели: EBITDA / годовой лизинговый платеж."
RU8604005359_PROJECT_TOTAL_OPEX_2032,RU8604005359,АО «ЮТЭЙР-Вертолетные услуги»,2032-12-31,год,base,Финмодель новой сделки Ми-8,PROJECT_TOTAL_OPEX,Совокупный OPEX,408724.67568267667,408724.67568267667,тыс. руб.,RUB,модельный расчет,АК_Ютэйр_финансовая_модель.xlsx,Финмодель!I9,,нет,да,"базовый сценарий, новая сделка Ми-8МТВ-1. DSCR в модели: EBITDA / годовой лизинговый платеж."
RU8604005359_PROJECT_EBITDA_2032,RU8604005359,АО «ЮТЭЙР-Вертолетные услуги»,2032-12-31,год,base,Финмодель новой сделки Ми-8,PROJECT_EBITDA,EBITDA проекта,73709.75494232349,73709.75494232349,тыс. руб.,RUB,модельный расчет,АК_Ютэйр_финансовая_модель.xlsx,Финмодель!I10,,нет,да,"базовый сценарий, новая сделка Ми-8МТВ-1. DSCR в модели: EBITDA / годовой лизинговый платеж."
RU8604005359_PROJECT_EBITDA_MARGIN_2032,RU8604005359,АО «ЮТЭЙР-Вертолетные услуги»,2032-12-31,год,base,Финмодель новой сделки Ми-8,PROJECT_EBITDA_MARGIN,Маржа EBITDA проекта,0.15278709450076258,0.15278709450076258,%,,модельный расчет,АК_Ютэйр_финансовая_модель.xlsx,Финмодель!I11,,нет,да,"базовый сценарий, новая сделка Ми-8МТВ-1. DSCR в модели: EBITDA / годовой лизинговый платеж."
RU8604005359_PROJECT_LEASE_PAYMENT_2032,RU8604005359,АО «ЮТЭЙР-Вертолетные услуги»,2032-12-31,год,base,Финмодель новой сделки Ми-8,PROJECT_LEASE_PAYMENT,Годовой лизинговый платеж по новой сделке,91783.05808958119,91783.05808958119,тыс. руб.,RUB,модельный расчет,АК_Ютэйр_финансовая_модель.xlsx,Финмодель!I12,,нет,да,"базовый сценарий, новая сделка Ми-8МТВ-1. DSCR в модели: EBITDA / годовой лизинговый платеж."
RU8604005359_PROJECT_INTEREST_2032,RU8604005359,АО «ЮТЭЙР-Вертолетные услуги»,2032-12-31,год,base,Финмодель новой сделки Ми-8,PROJECT_INTEREST,Проценты по лизингу,55902.78708387875,55902.78708387875,тыс. руб.,RUB,модельный расчет,АК_Ютэйр_финансовая_модель.xlsx,Финмодель!I13,,нет,да,"базовый сценарий, новая сделка Ми-8МТВ-1. DSCR в модели: EBITDA / годовой лизинговый платеж."
RU8604005359_PROJECT_PRINCIPAL_REPAYMENT_2032,RU8604005359,АО «ЮТЭЙР-Вертолетные услуги»,2032-12-31,год,base,Финмодель новой сделки Ми-8,PROJECT_PRINCIPAL_REPAYMENT,Погашение основного долга,35880.27100570244,35880.27100570244,тыс. руб.,RUB,модельный расчет,АК_Ютэйр_финансовая_модель.xlsx,Финмодель!I14,,нет,да,"базовый сценарий, новая сделка Ми-8МТВ-1. DSCR в модели: EBITDA / годовой лизинговый платеж."
RU8604005359_PROJECT_EBIT_2032,RU8604005359,АО «ЮТЭЙР-Вертолетные услуги»,2032-12-31,год,base,Финмодель новой сделки Ми-8,PROJECT_EBIT,EBIT проекта,-18073.3031472577,-18073.3031472577,тыс. руб.,RUB,модельный расчет,АК_Ютэйр_финансовая_модель.xlsx,Финмодель!I15,,нет,да,"базовый сценарий, новая сделка Ми-8МТВ-1. DSCR в модели: EBITDA / годовой лизинговый платеж."
RU8604005359_PROJECT_INCOME_TAX_2032,RU8604005359,АО «ЮТЭЙР-Вертолетные услуги»,2032-12-31,год,base,Финмодель новой сделки Ми-8,PROJECT_INCOME_TAX,Налог на прибыль проекта,0.0,0,тыс. руб.,RUB,модельный расчет,АК_Ютэйр_финансовая_модель.xlsx,Финмодель!I16,,нет,да,"базовый сценарий, новая сделка Ми-8МТВ-1. DSCR в модели: EBITDA / годовой лизинговый платеж."
RU8604005359_PROJECT_NET_PROFIT_2032,RU8604005359,АО «ЮТЭЙР-Вертолетные услуги»,2032-12-31,год,base,Финмодель новой сделки Ми-8,PROJECT_NET_PROFIT,Чистая прибыль проекта,-18073.3031472577,-18073.3031472577,тыс. руб.,RUB,модельный расчет,АК_Ютэйр_финансовая_модель.xlsx,Финмодель!I17,,нет,да,"базовый сценарий, новая сделка Ми-8МТВ-1. DSCR в модели: EBITDA / годовой лизинговый платеж."
RU8604005359_PROJECT_OCF_2032,RU8604005359,АО «ЮТЭЙР-Вертолетные услуги»,2032-12-31,год,base,Финмодель новой сделки Ми-8,PROJECT_OCF,Операционный денежный поток проекта,73709.75494232349,73709.75494232349,тыс. руб.,RUB,модельный расчет,АК_Ютэйр_финансовая_модель.xlsx,Финмодель!I18,,нет,да,"базовый сценарий, новая сделка Ми-8МТВ-1. DSCR в модели: EBITDA / годовой лизинговый платеж."
RU8604005359_PROJECT_FCF_2032,RU8604005359,АО «ЮТЭЙР-Вертолетные услуги»,2032-12-31,год,base,Финмодель новой сделки Ми-8,PROJECT_FCF,Свободный денежный поток проекта,-18073.3031472577,-18073.3031472577,тыс. руб.,RUB,модельный расчет,АК_Ютэйр_финансовая_модель.xlsx,Финмодель!I19,,нет,да,"базовый сценарий, новая сделка Ми-8МТВ-1. DSCR в модели: EBITDA / годовой лизинговый платеж."
RU8604005359_PROJECT_CUMULATIVE_FCF_2032,RU8604005359,АО «ЮТЭЙР-Вертолетные услуги»,2032-12-31,год,base,Финмодель новой сделки Ми-8,PROJECT_CUMULATIVE_FCF,Накопленный свободный денежный поток проекта,43207.716449796906,43207.716449796906,тыс. руб.,RUB,модельный расчет,АК_Ютэйр_финансовая_модель.xlsx,Финмодель!I20,,нет,да,"базовый сценарий, новая сделка Ми-8МТВ-1. DSCR в модели: EBITDA / годовой лизинговый платеж."
RU8604005359_PROJECT_DSCR_2032,RU8604005359,АО «ЮТЭЙР-Вертолетные услуги»,2032-12-31,год,base,Финмодель новой сделки Ми-8,PROJECT_DSCR,DSCR новой сделки - EBITDA / лизинговый платеж,0.8030867185791742,0.8030867185791742,x,,модельный расчет,АК_Ютэйр_финансовая_модель.xlsx,Финмодель!I21,,нет,да,"базовый сценарий, новая сделка Ми-8МТВ-1. DSCR в модели: EBITDA / годовой лизинговый платеж."
RU8604005359_PROJECT_LEASE_BALANCE_OPENING_2032,RU8604005359,АО «ЮТЭЙР-Вертолетные услуги»,2032-12-31,год,base,График лизинга новой сделки Ми-8,PROJECT_LEASE_BALANCE_OPENING,Остаток лизингового обязательства на начало года,508207.15530798864,508207.15530798864,тыс. руб.,RUB,модельный расчет,АК_Ютэйр_финансовая_модель.xlsx,Лизинг!B10,,нет,да,
RU8604005359_PROJECT_LEASE_BALANCE_CLOSING_2032,RU8604005359,АО «ЮТЭЙР-Вертолетные услуги»,2032-12-31,год,base,График лизинга новой сделки Ми-8,PROJECT_LEASE_BALANCE_CLOSING,Остаток лизингового обязательства на конец года,472326.8843022862,472326.8843022862,тыс. руб.,RUB,модельный расчет,АК_Ютэйр_финансовая_модель.xlsx,Лизинг!F10,,нет,да,
RU8604005359_PROJECT_HOURLY_RATE_2033,RU8604005359,АО «ЮТЭЙР-Вертолетные услуги»,2033-12-31,год,base,Финмодель новой сделки Ми-8,PROJECT_HOURLY_RATE,Ставка летного часа,844260.2535937503,844260.2535937503,руб./л.ч.,RUB,модельный расчет,АК_Ютэйр_финансовая_модель.xlsx,Финмодель!J4,,нет,да,"базовый сценарий, новая сделка Ми-8МТВ-1. DSCR в модели: EBITDA / годовой лизинговый платеж."
RU8604005359_PROJECT_FLIGHT_HOURS_ANNUAL_2033,RU8604005359,АО «ЮТЭЙР-Вертолетные услуги»,2033-12-31,год,base,Финмодель новой сделки Ми-8,PROJECT_FLIGHT_HOURS_ANNUAL,Годовой налет,600.0,600,л.ч. в год,,модельный расчет,АК_Ютэйр_финансовая_модель.xlsx,Финмодель!J5,,нет,да,"базовый сценарий, новая сделка Ми-8МТВ-1. DSCR в модели: EBITDA / годовой лизинговый платеж."
RU8604005359_PROJECT_REVENUE_2033,RU8604005359,АО «ЮТЭЙР-Вертолетные услуги»,2033-12-31,год,base,Финмодель новой сделки Ми-8,PROJECT_REVENUE,Выручка проекта,506556.1521562502,506556.1521562502,тыс. руб.,RUB,модельный расчет,АК_Ютэйр_финансовая_модель.xlsx,Финмодель!J6,,нет,да,"базовый сценарий, новая сделка Ми-8МТВ-1. DSCR в модели: EBITDA / годовой лизинговый платеж."
RU8604005359_PROJECT_OPEX_EX_MRO_2033,RU8604005359,АО «ЮТЭЙР-Вертолетные услуги»,2033-12-31,год,base,Финмодель новой сделки Ми-8,PROJECT_OPEX_EX_MRO,OPEX без ТОиР,151888.32944329083,151888.32944329083,тыс. руб.,RUB,модельный расчет,АК_Ютэйр_финансовая_модель.xlsx,Финмодель!J7,,нет,да,"базовый сценарий, новая сделка Ми-8МТВ-1. DSCR в модели: EBITDA / годовой лизинговый платеж."
RU8604005359_PROJECT_MRO_RESERVE_2033,RU8604005359,АО «ЮТЭЙР-Вертолетные услуги»,2033-12-31,год,base,Финмодель новой сделки Ми-8,PROJECT_MRO_RESERVE,Резерв ТОиР,295757.41869175434,295757.41869175434,тыс. руб.,RUB,модельный расчет,АК_Ютэйр_финансовая_модель.xlsx,Финмодель!J8,,нет,да,"базовый сценарий, новая сделка Ми-8МТВ-1. DSCR в модели: EBITDA / годовой лизинговый платеж."
RU8604005359_PROJECT_TOTAL_OPEX_2033,RU8604005359,АО «ЮТЭЙР-Вертолетные услуги»,2033-12-31,год,base,Финмодель новой сделки Ми-8,PROJECT_TOTAL_OPEX,Совокупный OPEX,447645.74813504517,447645.74813504517,тыс. руб.,RUB,модельный расчет,АК_Ютэйр_финансовая_модель.xlsx,Финмодель!J9,,нет,да,"базовый сценарий, новая сделка Ми-8МТВ-1. DSCR в модели: EBITDA / годовой лизинговый платеж."
RU8604005359_PROJECT_EBITDA_2033,RU8604005359,АО «ЮТЭЙР-Вертолетные услуги»,2033-12-31,год,base,Финмодель новой сделки Ми-8,PROJECT_EBITDA,EBITDA проекта,58910.40402120503,58910.40402120503,тыс. руб.,RUB,модельный расчет,АК_Ютэйр_финансовая_модель.xlsx,Финмодель!J10,,нет,да,"базовый сценарий, новая сделка Ми-8МТВ-1. DSCR в модели: EBITDA / годовой лизинговый платеж."
RU8604005359_PROJECT_EBITDA_MARGIN_2033,RU8604005359,АО «ЮТЭЙР-Вертолетные услуги»,2033-12-31,год,base,Финмодель новой сделки Ми-8,PROJECT_EBITDA_MARGIN,Маржа EBITDA проекта,0.11629590080081344,0.11629590080081344,%,,модельный расчет,АК_Ютэйр_финансовая_модель.xlsx,Финмодель!J11,,нет,да,"базовый сценарий, новая сделка Ми-8МТВ-1. DSCR в модели: EBITDA / годовой лизинговый платеж."
RU8604005359_PROJECT_LEASE_PAYMENT_2033,RU8604005359,АО «ЮТЭЙР-Вертолетные услуги»,2033-12-31,год,base,Финмодель новой сделки Ми-8,PROJECT_LEASE_PAYMENT,Годовой лизинговый платеж по новой сделке,91783.05808958119,91783.05808958119,тыс. руб.,RUB,модельный расчет,АК_Ютэйр_финансовая_модель.xlsx,Финмодель!J12,,нет,да,"базовый сценарий, новая сделка Ми-8МТВ-1. DSCR в модели: EBITDA / годовой лизинговый платеж."
RU8604005359_PROJECT_INTEREST_2033,RU8604005359,АО «ЮТЭЙР-Вертолетные услуги»,2033-12-31,год,base,Финмодель новой сделки Ми-8,PROJECT_INTEREST,Проценты по лизингу,51955.95727325148,51955.95727325148,тыс. руб.,RUB,модельный расчет,АК_Ютэйр_финансовая_модель.xlsx,Финмодель!J13,,нет,да,"базовый сценарий, новая сделка Ми-8МТВ-1. DSCR в модели: EBITDA / годовой лизинговый платеж."
RU8604005359_PROJECT_PRINCIPAL_REPAYMENT_2033,RU8604005359,АО «ЮТЭЙР-Вертолетные услуги»,2033-12-31,год,base,Финмодель новой сделки Ми-8,PROJECT_PRINCIPAL_REPAYMENT,Погашение основного долга,39827.10081632971,39827.10081632971,тыс. руб.,RUB,модельный расчет,АК_Ютэйр_финансовая_модель.xlsx,Финмодель!J14,,нет,да,"базовый сценарий, новая сделка Ми-8МТВ-1. DSCR в модели: EBITDA / годовой лизинговый платеж."
RU8604005359_PROJECT_EBIT_2033,RU8604005359,АО «ЮТЭЙР-Вертолетные услуги»,2033-12-31,год,base,Финмодель новой сделки Ми-8,PROJECT_EBIT,EBIT проекта,-32872.654068376156,-32872.654068376156,тыс. руб.,RUB,модельный расчет,АК_Ютэйр_финансовая_модель.xlsx,Финмодель!J15,,нет,да,"базовый сценарий, новая сделка Ми-8МТВ-1. DSCR в модели: EBITDA / годовой лизинговый платеж."
RU8604005359_PROJECT_INCOME_TAX_2033,RU8604005359,АО «ЮТЭЙР-Вертолетные услуги»,2033-12-31,год,base,Финмодель новой сделки Ми-8,PROJECT_INCOME_TAX,Налог на прибыль проекта,0.0,0,тыс. руб.,RUB,модельный расчет,АК_Ютэйр_финансовая_модель.xlsx,Финмодель!J16,,нет,да,"базовый сценарий, новая сделка Ми-8МТВ-1. DSCR в модели: EBITDA / годовой лизинговый платеж."
RU8604005359_PROJECT_NET_PROFIT_2033,RU8604005359,АО «ЮТЭЙР-Вертолетные услуги»,2033-12-31,год,base,Финмодель новой сделки Ми-8,PROJECT_NET_PROFIT,Чистая прибыль проекта,-32872.654068376156,-32872.654068376156,тыс. руб.,RUB,модельный расчет,АК_Ютэйр_финансовая_модель.xlsx,Финмодель!J17,,нет,да,"базовый сценарий, новая сделка Ми-8МТВ-1. DSCR в модели: EBITDA / годовой лизинговый платеж."
RU8604005359_PROJECT_OCF_2033,RU8604005359,АО «ЮТЭЙР-Вертолетные услуги»,2033-12-31,год,base,Финмодель новой сделки Ми-8,PROJECT_OCF,Операционный денежный поток проекта,58910.40402120503,58910.40402120503,тыс. руб.,RUB,модельный расчет,АК_Ютэйр_финансовая_модель.xlsx,Финмодель!J18,,нет,да,"базовый сценарий, новая сделка Ми-8МТВ-1. DSCR в модели: EBITDA / годовой лизинговый платеж."
RU8604005359_PROJECT_FCF_2033,RU8604005359,АО «ЮТЭЙР-Вертолетные услуги»,2033-12-31,год,base,Финмодель новой сделки Ми-8,PROJECT_FCF,Свободный денежный поток проекта,-32872.654068376156,-32872.654068376156,тыс. руб.,RUB,модельный расчет,АК_Ютэйр_финансовая_модель.xlsx,Финмодель!J19,,нет,да,"базовый сценарий, новая сделка Ми-8МТВ-1. DSCR в модели: EBITDA / годовой лизинговый платеж."
RU8604005359_PROJECT_CUMULATIVE_FCF_2033,RU8604005359,АО «ЮТЭЙР-Вертолетные услуги»,2033-12-31,год,base,Финмодель новой сделки Ми-8,PROJECT_CUMULATIVE_FCF,Накопленный свободный денежный поток проекта,10335.06238142075,10335.06238142075,тыс. руб.,RUB,модельный расчет,АК_Ютэйр_финансовая_модель.xlsx,Финмодель!J20,,нет,да,"базовый сценарий, новая сделка Ми-8МТВ-1. DSCR в модели: EBITDA / годовой лизинговый платеж."
RU8604005359_PROJECT_DSCR_2033,RU8604005359,АО «ЮТЭЙР-Вертолетные услуги»,2033-12-31,год,base,Финмодель новой сделки Ми-8,PROJECT_DSCR,DSCR новой сделки - EBITDA / лизинговый платеж,0.6418439878491288,0.6418439878491288,x,,модельный расчет,АК_Ютэйр_финансовая_модель.xlsx,Финмодель!J21,,нет,да,"базовый сценарий, новая сделка Ми-8МТВ-1. DSCR в модели: EBITDA / годовой лизинговый платеж."
RU8604005359_PROJECT_LEASE_BALANCE_OPENING_2033,RU8604005359,АО «ЮТЭЙР-Вертолетные услуги»,2033-12-31,год,base,График лизинга новой сделки Ми-8,PROJECT_LEASE_BALANCE_OPENING,Остаток лизингового обязательства на начало года,472326.8843022862,472326.8843022862,тыс. руб.,RUB,модельный расчет,АК_Ютэйр_финансовая_модель.xlsx,Лизинг!B11,,нет,да,
RU8604005359_PROJECT_LEASE_BALANCE_CLOSING_2033,RU8604005359,АО «ЮТЭЙР-Вертолетные услуги»,2033-12-31,год,base,График лизинга новой сделки Ми-8,PROJECT_LEASE_BALANCE_CLOSING,Остаток лизингового обязательства на конец года,432499.7834859565,432499.7834859565,тыс. руб.,RUB,модельный расчет,АК_Ютэйр_финансовая_модель.xlsx,Лизинг!F11,,нет,да,
RU8604005359_PROJECT_HOURLY_RATE_2034,RU8604005359,АО «ЮТЭЙР-Вертолетные услуги»,2034-12-31,год,base,Финмодель новой сделки Ми-8,PROJECT_HOURLY_RATE,Ставка летного часа,886473.2662734378,886473.2662734378,руб./л.ч.,RUB,модельный расчет,АК_Ютэйр_финансовая_модель.xlsx,Финмодель!K4,,нет,да,"базовый сценарий, новая сделка Ми-8МТВ-1. DSCR в модели: EBITDA / годовой лизинговый платеж."
RU8604005359_PROJECT_FLIGHT_HOURS_ANNUAL_2034,RU8604005359,АО «ЮТЭЙР-Вертолетные услуги»,2034-12-31,год,base,Финмодель новой сделки Ми-8,PROJECT_FLIGHT_HOURS_ANNUAL,Годовой налет,600.0,600,л.ч. в год,,модельный расчет,АК_Ютэйр_финансовая_модель.xlsx,Финмодель!K5,,нет,да,"базовый сценарий, новая сделка Ми-8МТВ-1. DSCR в модели: EBITDA / годовой лизинговый платеж."
RU8604005359_PROJECT_REVENUE_2034,RU8604005359,АО «ЮТЭЙР-Вертолетные услуги»,2034-12-31,год,base,Финмодель новой сделки Ми-8,PROJECT_REVENUE,Выручка проекта,531883.9597640627,531883.9597640627,тыс. руб.,RUB,модельный расчет,АК_Ютэйр_финансовая_модель.xlsx,Финмодель!K6,,нет,да,"базовый сценарий, новая сделка Ми-8МТВ-1. DSCR в модели: EBITDA / годовой лизинговый платеж."
RU8604005359_PROJECT_OPEX_EX_MRO_2034,RU8604005359,АО «ЮТЭЙР-Вертолетные услуги»,2034-12-31,год,base,Финмодель новой сделки Ми-8,PROJECT_OPEX_EX_MRO,OPEX без ТОиР,159482.74591545537,159482.74591545537,тыс. руб.,RUB,модельный расчет,АК_Ютэйр_финансовая_модель.xlsx,Финмодель!K7,,нет,да,"базовый сценарий, новая сделка Ми-8МТВ-1. DSCR в модели: EBITDA / годовой лизинговый платеж."
RU8604005359_PROJECT_MRO_RESERVE_2034,RU8604005359,АО «ЮТЭЙР-Вертолетные услуги»,2034-12-31,год,base,Финмодель новой сделки Ми-8,PROJECT_MRO_RESERVE,Резерв ТОиР,331248.3089347649,331248.3089347649,тыс. руб.,RUB,модельный расчет,АК_Ютэйр_финансовая_модель.xlsx,Финмодель!K8,,нет,да,"базовый сценарий, новая сделка Ми-8МТВ-1. DSCR в модели: EBITDA / годовой лизинговый платеж."
RU8604005359_PROJECT_TOTAL_OPEX_2034,RU8604005359,АО «ЮТЭЙР-Вертолетные услуги»,2034-12-31,год,base,Финмодель новой сделки Ми-8,PROJECT_TOTAL_OPEX,Совокупный OPEX,490731.0548502202,490731.0548502202,тыс. руб.,RUB,модельный расчет,АК_Ютэйр_финансовая_модель.xlsx,Финмодель!K9,,нет,да,"базовый сценарий, новая сделка Ми-8МТВ-1. DSCR в модели: EBITDA / годовой лизинговый платеж."
RU8604005359_PROJECT_EBITDA_2034,RU8604005359,АО «ЮТЭЙР-Вертолетные услуги»,2034-12-31,год,base,Финмодель новой сделки Ми-8,PROJECT_EBITDA,EBITDA проекта,41152.904913842445,41152.904913842445,тыс. руб.,RUB,модельный расчет,АК_Ютэйр_финансовая_модель.xlsx,Финмодель!K10,,нет,да,"базовый сценарий, новая сделка Ми-8МТВ-1. DSCR в модели: EBITDA / годовой лизинговый платеж."
RU8604005359_PROJECT_EBITDA_MARGIN_2034,RU8604005359,АО «ЮТЭЙР-Вертолетные услуги»,2034-12-31,год,base,Финмодель новой сделки Ми-8,PROJECT_EBITDA_MARGIN,Маржа EBITDA проекта,0.07737196085420094,0.07737196085420094,%,,модельный расчет,АК_Ютэйр_финансовая_модель.xlsx,Финмодель!K11,,нет,да,"базовый сценарий, новая сделка Ми-8МТВ-1. DSCR в модели: EBITDA / годовой лизинговый платеж."
RU8604005359_PROJECT_LEASE_PAYMENT_2034,RU8604005359,АО «ЮТЭЙР-Вертолетные услуги»,2034-12-31,год,base,Финмодель новой сделки Ми-8,PROJECT_LEASE_PAYMENT,Годовой лизинговый платеж по новой сделке,91783.05808958119,91783.05808958119,тыс. руб.,RUB,модельный расчет,АК_Ютэйр_финансовая_модель.xlsx,Финмодель!K12,,нет,да,"базовый сценарий, новая сделка Ми-8МТВ-1. DSCR в модели: EBITDA / годовой лизинговый платеж."
RU8604005359_PROJECT_INTEREST_2034,RU8604005359,АО «ЮТЭЙР-Вертолетные услуги»,2034-12-31,год,base,Финмодель новой сделки Ми-8,PROJECT_INTEREST,Проценты по лизингу,47574.97618345521,47574.97618345521,тыс. руб.,RUB,модельный расчет,АК_Ютэйр_финансовая_модель.xlsx,Финмодель!K13,,нет,да,"базовый сценарий, новая сделка Ми-8МТВ-1. DSCR в модели: EBITDA / годовой лизинговый платеж."
RU8604005359_PROJECT_PRINCIPAL_REPAYMENT_2034,RU8604005359,АО «ЮТЭЙР-Вертолетные услуги»,2034-12-31,год,base,Финмодель новой сделки Ми-8,PROJECT_PRINCIPAL_REPAYMENT,Погашение основного долга,44208.081906125975,44208.081906125975,тыс. руб.,RUB,модельный расчет,АК_Ютэйр_финансовая_модель.xlsx,Финмодель!K14,,нет,да,"базовый сценарий, новая сделка Ми-8МТВ-1. DSCR в модели: EBITDA / годовой лизинговый платеж."
RU8604005359_PROJECT_EBIT_2034,RU8604005359,АО «ЮТЭЙР-Вертолетные услуги»,2034-12-31,год,base,Финмодель новой сделки Ми-8,PROJECT_EBIT,EBIT проекта,-50630.15317573874,-50630.15317573874,тыс. руб.,RUB,модельный расчет,АК_Ютэйр_финансовая_модель.xlsx,Финмодель!K15,,нет,да,"базовый сценарий, новая сделка Ми-8МТВ-1. DSCR в модели: EBITDA / годовой лизинговый платеж."
RU8604005359_PROJECT_INCOME_TAX_2034,RU8604005359,АО «ЮТЭЙР-Вертолетные услуги»,2034-12-31,год,base,Финмодель новой сделки Ми-8,PROJECT_INCOME_TAX,Налог на прибыль проекта,0.0,0,тыс. руб.,RUB,модельный расчет,АК_Ютэйр_финансовая_модель.xlsx,Финмодель!K16,,нет,да,"базовый сценарий, новая сделка Ми-8МТВ-1. DSCR в модели: EBITDA / годовой лизинговый платеж."
RU8604005359_PROJECT_NET_PROFIT_2034,RU8604005359,АО «ЮТЭЙР-Вертолетные услуги»,2034-12-31,год,base,Финмодель новой сделки Ми-8,PROJECT_NET_PROFIT,Чистая прибыль проекта,-50630.15317573874,-50630.15317573874,тыс. руб.,RUB,модельный расчет,АК_Ютэйр_финансовая_модель.xlsx,Финмодель!K17,,нет,да,"базовый сценарий, новая сделка Ми-8МТВ-1. DSCR в модели: EBITDA / годовой лизинговый платеж."
RU8604005359_PROJECT_OCF_2034,RU8604005359,АО «ЮТЭЙР-Вертолетные услуги»,2034-12-31,год,base,Финмодель новой сделки Ми-8,PROJECT_OCF,Операционный денежный поток проекта,41152.904913842445,41152.904913842445,тыс. руб.,RUB,модельный расчет,АК_Ютэйр_финансовая_модель.xlsx,Финмодель!K18,,нет,да,"базовый сценарий, новая сделка Ми-8МТВ-1. DSCR в модели: EBITDA / годовой лизинговый платеж."
RU8604005359_PROJECT_FCF_2034,RU8604005359,АО «ЮТЭЙР-Вертолетные услуги»,2034-12-31,год,base,Финмодель новой сделки Ми-8,PROJECT_FCF,Свободный денежный поток проекта,-50630.15317573874,-50630.15317573874,тыс. руб.,RUB,модельный расчет,АК_Ютэйр_финансовая_модель.xlsx,Финмодель!K19,,нет,да,"базовый сценарий, новая сделка Ми-8МТВ-1. DSCR в модели: EBITDA / годовой лизинговый платеж."
RU8604005359_PROJECT_CUMULATIVE_FCF_2034,RU8604005359,АО «ЮТЭЙР-Вертолетные услуги»,2034-12-31,год,base,Финмодель новой сделки Ми-8,PROJECT_CUMULATIVE_FCF,Накопленный свободный денежный поток проекта,-40295.09079431799,-40295.09079431799,тыс. руб.,RUB,модельный расчет,АК_Ютэйр_финансовая_модель.xlsx,Финмодель!K20,,нет,да,"базовый сценарий, новая сделка Ми-8МТВ-1. DSCR в модели: EBITDA / годовой лизинговый платеж."
RU8604005359_PROJECT_DSCR_2034,RU8604005359,АО «ЮТЭЙР-Вертолетные услуги»,2034-12-31,год,base,Финмодель новой сделки Ми-8,PROJECT_DSCR,DSCR новой сделки - EBITDA / лизинговый платеж,0.4483714725835001,0.4483714725835001,x,,модельный расчет,АК_Ютэйр_финансовая_модель.xlsx,Финмодель!K21,,нет,да,"базовый сценарий, новая сделка Ми-8МТВ-1. DSCR в модели: EBITDA / годовой лизинговый платеж."
RU8604005359_PROJECT_LEASE_BALANCE_OPENING_2034,RU8604005359,АО «ЮТЭЙР-Вертолетные услуги»,2034-12-31,год,base,График лизинга новой сделки Ми-8,PROJECT_LEASE_BALANCE_OPENING,Остаток лизингового обязательства на начало года,432499.7834859565,432499.7834859565,тыс. руб.,RUB,модельный расчет,АК_Ютэйр_финансовая_модель.xlsx,Лизинг!B12,,нет,да,
RU8604005359_PROJECT_LEASE_BALANCE_CLOSING_2034,RU8604005359,АО «ЮТЭЙР-Вертолетные услуги»,2034-12-31,год,base,График лизинга новой сделки Ми-8,PROJECT_LEASE_BALANCE_CLOSING,Остаток лизингового обязательства на конец года,388291.7015798305,388291.7015798305,тыс. руб.,RUB,модельный расчет,АК_Ютэйр_финансовая_модель.xlsx,Лизинг!F12,,нет,да,
RU8604005359_PROJECT_HOURLY_RATE_2035,RU8604005359,АО «ЮТЭЙР-Вертолетные услуги»,2035-12-31,год,base,Финмодель новой сделки Ми-8,PROJECT_HOURLY_RATE,Ставка летного часа,930796.9295871097,930796.9295871097,руб./л.ч.,RUB,модельный расчет,АК_Ютэйр_финансовая_модель.xlsx,Финмодель!L4,,нет,да,"базовый сценарий, новая сделка Ми-8МТВ-1. DSCR в модели: EBITDA / годовой лизинговый платеж."
RU8604005359_PROJECT_FLIGHT_HOURS_ANNUAL_2035,RU8604005359,АО «ЮТЭЙР-Вертолетные услуги»,2035-12-31,год,base,Финмодель новой сделки Ми-8,PROJECT_FLIGHT_HOURS_ANNUAL,Годовой налет,600.0,600,л.ч. в год,,модельный расчет,АК_Ютэйр_финансовая_модель.xlsx,Финмодель!L5,,нет,да,"базовый сценарий, новая сделка Ми-8МТВ-1. DSCR в модели: EBITDA / годовой лизинговый платеж."
RU8604005359_PROJECT_REVENUE_2035,RU8604005359,АО «ЮТЭЙР-Вертолетные услуги»,2035-12-31,год,base,Финмодель новой сделки Ми-8,PROJECT_REVENUE,Выручка проекта,558478.1577522658,558478.1577522658,тыс. руб.,RUB,модельный расчет,АК_Ютэйр_финансовая_модель.xlsx,Финмодель!L6,,нет,да,"базовый сценарий, новая сделка Ми-8МТВ-1. DSCR в модели: EBITDA / годовой лизинговый платеж."
RU8604005359_PROJECT_OPEX_EX_MRO_2035,RU8604005359,АО «ЮТЭЙР-Вертолетные услуги»,2035-12-31,год,base,Финмодель новой сделки Ми-8,PROJECT_OPEX_EX_MRO,OPEX без ТОиР,167456.88321122812,167456.88321122812,тыс. руб.,RUB,модельный расчет,АК_Ютэйр_финансовая_модель.xlsx,Финмодель!L7,,нет,да,"базовый сценарий, новая сделка Ми-8МТВ-1. DSCR в модели: EBITDA / годовой лизинговый платеж."
RU8604005359_PROJECT_MRO_RESERVE_2035,RU8604005359,АО «ЮТЭЙР-Вертолетные услуги»,2035-12-31,год,base,Финмодель новой сделки Ми-8,PROJECT_MRO_RESERVE,Резерв ТОиР,370998.10600693675,370998.10600693675,тыс. руб.,RUB,модельный расчет,АК_Ютэйр_финансовая_модель.xlsx,Финмодель!L8,,нет,да,"базовый сценарий, новая сделка Ми-8МТВ-1. DSCR в модели: EBITDA / годовой лизинговый платеж."
RU8604005359_PROJECT_TOTAL_OPEX_2035,RU8604005359,АО «ЮТЭЙР-Вертолетные услуги»,2035-12-31,год,base,Финмодель новой сделки Ми-8,PROJECT_TOTAL_OPEX,Совокупный OPEX,538454.9892181649,538454.9892181649,тыс. руб.,RUB,модельный расчет,АК_Ютэйр_финансовая_модель.xlsx,Финмодель!L9,,нет,да,"базовый сценарий, новая сделка Ми-8МТВ-1. DSCR в модели: EBITDA / годовой лизинговый платеж."
RU8604005359_PROJECT_EBITDA_2035,RU8604005359,АО «ЮТЭЙР-Вертолетные услуги»,2035-12-31,год,base,Финмодель новой сделки Ми-8,PROJECT_EBITDA,EBITDA проекта,20023.16853410087,20023.16853410087,тыс. руб.,RUB,модельный расчет,АК_Ютэйр_финансовая_модель.xlsx,Финмодель!L10,,нет,да,"базовый сценарий, новая сделка Ми-8МТВ-1. DSCR в модели: EBITDA / годовой лизинговый платеж."
RU8604005359_PROJECT_EBITDA_MARGIN_2035,RU8604005359,АО «ЮТЭЙР-Вертолетные услуги»,2035-12-31,год,base,Финмодель новой сделки Ми-8,PROJECT_EBITDA_MARGIN,Маржа EBITDA проекта,0.03585309157781406,0.03585309157781406,%,,модельный расчет,АК_Ютэйр_финансовая_модель.xlsx,Финмодель!L11,,нет,да,"базовый сценарий, новая сделка Ми-8МТВ-1. DSCR в модели: EBITDA / годовой лизинговый платеж."
RU8604005359_PROJECT_LEASE_PAYMENT_2035,RU8604005359,АО «ЮТЭЙР-Вертолетные услуги»,2035-12-31,год,base,Финмодель новой сделки Ми-8,PROJECT_LEASE_PAYMENT,Годовой лизинговый платеж по новой сделке,91783.05808958119,91783.05808958119,тыс. руб.,RUB,модельный расчет,АК_Ютэйр_финансовая_модель.xlsx,Финмодель!L12,,нет,да,"базовый сценарий, новая сделка Ми-8МТВ-1. DSCR в модели: EBITDA / годовой лизинговый платеж."
RU8604005359_PROJECT_INTEREST_2035,RU8604005359,АО «ЮТЭЙР-Вертолетные услуги»,2035-12-31,год,base,Финмодель новой сделки Ми-8,PROJECT_INTEREST,Проценты по лизингу,42712.08717378136,42712.08717378136,тыс. руб.,RUB,модельный расчет,АК_Ютэйр_финансовая_модель.xlsx,Финмодель!L13,,нет,да,"базовый сценарий, новая сделка Ми-8МТВ-1. DSCR в модели: EBITDA / годовой лизинговый платеж."
RU8604005359_PROJECT_PRINCIPAL_REPAYMENT_2035,RU8604005359,АО «ЮТЭЙР-Вертолетные услуги»,2035-12-31,год,base,Финмодель новой сделки Ми-8,PROJECT_PRINCIPAL_REPAYMENT,Погашение основного долга,49070.97091579983,49070.97091579983,тыс. руб.,RUB,модельный расчет,АК_Ютэйр_финансовая_модель.xlsx,Финмодель!L14,,нет,да,"базовый сценарий, новая сделка Ми-8МТВ-1. DSCR в модели: EBITDA / годовой лизинговый платеж."
RU8604005359_PROJECT_EBIT_2035,RU8604005359,АО «ЮТЭЙР-Вертолетные услуги»,2035-12-31,год,base,Финмодель новой сделки Ми-8,PROJECT_EBIT,EBIT проекта,-71759.88955548032,-71759.88955548032,тыс. руб.,RUB,модельный расчет,АК_Ютэйр_финансовая_модель.xlsx,Финмодель!L15,,нет,да,"базовый сценарий, новая сделка Ми-8МТВ-1. DSCR в модели: EBITDA / годовой лизинговый платеж."
RU8604005359_PROJECT_INCOME_TAX_2035,RU8604005359,АО «ЮТЭЙР-Вертолетные услуги»,2035-12-31,год,base,Финмодель новой сделки Ми-8,PROJECT_INCOME_TAX,Налог на прибыль проекта,0.0,0,тыс. руб.,RUB,модельный расчет,АК_Ютэйр_финансовая_модель.xlsx,Финмодель!L16,,нет,да,"базовый сценарий, новая сделка Ми-8МТВ-1. DSCR в модели: EBITDA / годовой лизинговый платеж."
RU8604005359_PROJECT_NET_PROFIT_2035,RU8604005359,АО «ЮТЭЙР-Вертолетные услуги»,2035-12-31,год,base,Финмодель новой сделки Ми-8,PROJECT_NET_PROFIT,Чистая прибыль проекта,-71759.88955548032,-71759.88955548032,тыс. руб.,RUB,модельный расчет,АК_Ютэйр_финансовая_модель.xlsx,Финмодель!L17,,нет,да,"базовый сценарий, новая сделка Ми-8МТВ-1. DSCR в модели: EBITDA / годовой лизинговый платеж."
RU8604005359_PROJECT_OCF_2035,RU8604005359,АО «ЮТЭЙР-Вертолетные услуги»,2035-12-31,год,base,Финмодель новой сделки Ми-8,PROJECT_OCF,Операционный денежный поток проекта,20023.16853410087,20023.16853410087,тыс. руб.,RUB,модельный расчет,АК_Ютэйр_финансовая_модель.xlsx,Финмодель!L18,,нет,да,"базовый сценарий, новая сделка Ми-8МТВ-1. DSCR в модели: EBITDA / годовой лизинговый платеж."
RU8604005359_PROJECT_FCF_2035,RU8604005359,АО «ЮТЭЙР-Вертолетные услуги»,2035-12-31,год,base,Финмодель новой сделки Ми-8,PROJECT_FCF,Свободный денежный поток проекта,-71759.88955548032,-71759.88955548032,тыс. руб.,RUB,модельный расчет,АК_Ютэйр_финансовая_модель.xlsx,Финмодель!L19,,нет,да,"базовый сценарий, новая сделка Ми-8МТВ-1. DSCR в модели: EBITDA / годовой лизинговый платеж."
RU8604005359_PROJECT_CUMULATIVE_FCF_2035,RU8604005359,АО «ЮТЭЙР-Вертолетные услуги»,2035-12-31,год,base,Финмодель новой сделки Ми-8,PROJECT_CUMULATIVE_FCF,Накопленный свободный денежный поток проекта,-112054.98034979831,-112054.98034979831,тыс. руб.,RUB,модельный расчет,АК_Ютэйр_финансовая_модель.xlsx,Финмодель!L20,,нет,да,"базовый сценарий, новая сделка Ми-8МТВ-1. DSCR в модели: EBITDA / годовой лизинговый платеж."
RU8604005359_PROJECT_DSCR_2035,RU8604005359,АО «ЮТЭЙР-Вертолетные услуги»,2035-12-31,год,base,Финмодель новой сделки Ми-8,PROJECT_DSCR,DSCR новой сделки - EBITDA / лизинговый платеж,0.21815756579561837,0.21815756579561837,x,,модельный расчет,АК_Ютэйр_финансовая_модель.xlsx,Финмодель!L21,,нет,да,"базовый сценарий, новая сделка Ми-8МТВ-1. DSCR в модели: EBITDA / годовой лизинговый платеж."
RU8604005359_PROJECT_LEASE_BALANCE_OPENING_2035,RU8604005359,АО «ЮТЭЙР-Вертолетные услуги»,2035-12-31,год,base,График лизинга новой сделки Ми-8,PROJECT_LEASE_BALANCE_OPENING,Остаток лизингового обязательства на начало года,388291.7015798305,388291.7015798305,тыс. руб.,RUB,модельный расчет,АК_Ютэйр_финансовая_модель.xlsx,Лизинг!B13,,нет,да,
RU8604005359_PROJECT_LEASE_BALANCE_CLOSING_2035,RU8604005359,АО «ЮТЭЙР-Вертолетные услуги»,2035-12-31,год,base,График лизинга новой сделки Ми-8,PROJECT_LEASE_BALANCE_CLOSING,Остаток лизингового обязательства на конец года,339220.73066403065,339220.73066403065,тыс. руб.,RUB,модельный расчет,АК_Ютэйр_финансовая_модель.xlsx,Лизинг!F13,,нет,да,
RU8604005359_PROJECT_HOURLY_RATE_2036,RU8604005359,АО «ЮТЭЙР-Вертолетные услуги»,2036-12-31,год,base,Финмодель новой сделки Ми-8,PROJECT_HOURLY_RATE,Ставка летного часа,977336.7760664652,977336.7760664652,руб./л.ч.,RUB,модельный расчет,АК_Ютэйр_финансовая_модель.xlsx,Финмодель!M4,,нет,да,"базовый сценарий, новая сделка Ми-8МТВ-1. DSCR в модели: EBITDA / годовой лизинговый платеж."
RU8604005359_PROJECT_FLIGHT_HOURS_ANNUAL_2036,RU8604005359,АО «ЮТЭЙР-Вертолетные услуги»,2036-12-31,год,base,Финмодель новой сделки Ми-8,PROJECT_FLIGHT_HOURS_ANNUAL,Годовой налет,600.0,600,л.ч. в год,,модельный расчет,АК_Ютэйр_финансовая_модель.xlsx,Финмодель!M5,,нет,да,"базовый сценарий, новая сделка Ми-8МТВ-1. DSCR в модели: EBITDA / годовой лизинговый платеж."
RU8604005359_PROJECT_REVENUE_2036,RU8604005359,АО «ЮТЭЙР-Вертолетные услуги»,2036-12-31,год,base,Финмодель новой сделки Ми-8,PROJECT_REVENUE,Выручка проекта,586402.0656398791,586402.0656398791,тыс. руб.,RUB,модельный расчет,АК_Ютэйр_финансовая_модель.xlsx,Финмодель!M6,,нет,да,"базовый сценарий, новая сделка Ми-8МТВ-1. DSCR в модели: EBITDA / годовой лизинговый платеж."
RU8604005359_PROJECT_OPEX_EX_MRO_2036,RU8604005359,АО «ЮТЭЙР-Вертолетные услуги»,2036-12-31,год,base,Финмодель новой сделки Ми-8,PROJECT_OPEX_EX_MRO,OPEX без ТОиР,175829.72737178957,175829.72737178957,тыс. руб.,RUB,модельный расчет,АК_Ютэйр_финансовая_модель.xlsx,Финмодель!M7,,нет,да,"базовый сценарий, новая сделка Ми-8МТВ-1. DSCR в модели: EBITDA / годовой лизинговый платеж."
RU8604005359_PROJECT_MRO_RESERVE_2036,RU8604005359,АО «ЮТЭЙР-Вертолетные услуги»,2036-12-31,год,base,Финмодель новой сделки Ми-8,PROJECT_MRO_RESERVE,Резерв ТОиР,415517.87872776913,415517.87872776913,тыс. руб.,RUB,модельный расчет,АК_Ютэйр_финансовая_модель.xlsx,Финмодель!M8,,нет,да,"базовый сценарий, новая сделка Ми-8МТВ-1. DSCR в модели: EBITDA / годовой лизинговый платеж."
RU8604005359_PROJECT_TOTAL_OPEX_2036,RU8604005359,АО «ЮТЭЙР-Вертолетные услуги»,2036-12-31,год,base,Финмодель новой сделки Ми-8,PROJECT_TOTAL_OPEX,Совокупный OPEX,591347.6060995588,591347.6060995588,тыс. руб.,RUB,модельный расчет,АК_Ютэйр_финансовая_модель.xlsx,Финмодель!M9,,нет,да,"базовый сценарий, новая сделка Ми-8МТВ-1. DSCR в модели: EBITDA / годовой лизинговый платеж."
RU8604005359_PROJECT_EBITDA_2036,RU8604005359,АО «ЮТЭЙР-Вертолетные услуги»,2036-12-31,год,base,Финмодель новой сделки Ми-8,PROJECT_EBITDA,EBITDA проекта,-4945.5404596796725,-4945.5404596796725,тыс. руб.,RUB,модельный расчет,АК_Ютэйр_финансовая_модель.xlsx,Финмодель!M10,,нет,да,"базовый сценарий, новая сделка Ми-8МТВ-1. DSCR в модели: EBITDA / годовой лизинговый платеж."
RU8604005359_PROJECT_EBITDA_MARGIN_2036,RU8604005359,АО «ЮТЭЙР-Вертолетные услуги»,2036-12-31,год,base,Финмодель новой сделки Ми-8,PROJECT_EBITDA_MARGIN,Маржа EBITDA проекта,-0.00843370231699836,-0.00843370231699836,%,,модельный расчет,АК_Ютэйр_финансовая_модель.xlsx,Финмодель!M11,,нет,да,"базовый сценарий, новая сделка Ми-8МТВ-1. DSCR в модели: EBITDA / годовой лизинговый платеж."
RU8604005359_PROJECT_LEASE_PAYMENT_2036,RU8604005359,АО «ЮТЭЙР-Вертолетные услуги»,2036-12-31,год,base,Финмодель новой сделки Ми-8,PROJECT_LEASE_PAYMENT,Годовой лизинговый платеж по новой сделке,91783.05808958119,91783.05808958119,тыс. руб.,RUB,модельный расчет,АК_Ютэйр_финансовая_модель.xlsx,Финмодель!M12,,нет,да,"базовый сценарий, новая сделка Ми-8МТВ-1. DSCR в модели: EBITDA / годовой лизинговый платеж."
RU8604005359_PROJECT_INTEREST_2036,RU8604005359,АО «ЮТЭЙР-Вертолетные услуги»,2036-12-31,год,base,Финмодель новой сделки Ми-8,PROJECT_INTEREST,Проценты по лизингу,37314.28037304337,37314.28037304337,тыс. руб.,RUB,модельный расчет,АК_Ютэйр_финансовая_модель.xlsx,Финмодель!M13,,нет,да,"базовый сценарий, новая сделка Ми-8МТВ-1. DSCR в модели: EBITDA / годовой лизинговый платеж."
RU8604005359_PROJECT_PRINCIPAL_REPAYMENT_2036,RU8604005359,АО «ЮТЭЙР-Вертолетные услуги»,2036-12-31,год,base,Финмодель новой сделки Ми-8,PROJECT_PRINCIPAL_REPAYMENT,Погашение основного долга,54468.777716537814,54468.777716537814,тыс. руб.,RUB,модельный расчет,АК_Ютэйр_финансовая_модель.xlsx,Финмодель!M14,,нет,да,"базовый сценарий, новая сделка Ми-8МТВ-1. DSCR в модели: EBITDA / годовой лизинговый платеж."
RU8604005359_PROJECT_EBIT_2036,RU8604005359,АО «ЮТЭЙР-Вертолетные услуги»,2036-12-31,год,base,Финмодель новой сделки Ми-8,PROJECT_EBIT,EBIT проекта,-96728.59854926086,-96728.59854926086,тыс. руб.,RUB,модельный расчет,АК_Ютэйр_финансовая_модель.xlsx,Финмодель!M15,,нет,да,"базовый сценарий, новая сделка Ми-8МТВ-1. DSCR в модели: EBITDA / годовой лизинговый платеж."
RU8604005359_PROJECT_INCOME_TAX_2036,RU8604005359,АО «ЮТЭЙР-Вертолетные услуги»,2036-12-31,год,base,Финмодель новой сделки Ми-8,PROJECT_INCOME_TAX,Налог на прибыль проекта,0.0,0,тыс. руб.,RUB,модельный расчет,АК_Ютэйр_финансовая_модель.xlsx,Финмодель!M16,,нет,да,"базовый сценарий, новая сделка Ми-8МТВ-1. DSCR в модели: EBITDA / годовой лизинговый платеж."
RU8604005359_PROJECT_NET_PROFIT_2036,RU8604005359,АО «ЮТЭЙР-Вертолетные услуги»,2036-12-31,год,base,Финмодель новой сделки Ми-8,PROJECT_NET_PROFIT,Чистая прибыль проекта,-96728.59854926086,-96728.59854926086,тыс. руб.,RUB,модельный расчет,АК_Ютэйр_финансовая_модель.xlsx,Финмодель!M17,,нет,да,"базовый сценарий, новая сделка Ми-8МТВ-1. DSCR в модели: EBITDA / годовой лизинговый платеж."
RU8604005359_PROJECT_OCF_2036,RU8604005359,АО «ЮТЭЙР-Вертолетные услуги»,2036-12-31,год,base,Финмодель новой сделки Ми-8,PROJECT_OCF,Операционный денежный поток проекта,-4945.5404596796725,-4945.5404596796725,тыс. руб.,RUB,модельный расчет,АК_Ютэйр_финансовая_модель.xlsx,Финмодель!M18,,нет,да,"базовый сценарий, новая сделка Ми-8МТВ-1. DSCR в модели: EBITDA / годовой лизинговый платеж."
RU8604005359_PROJECT_FCF_2036,RU8604005359,АО «ЮТЭЙР-Вертолетные услуги»,2036-12-31,год,base,Финмодель новой сделки Ми-8,PROJECT_FCF,Свободный денежный поток проекта,-96728.59854926086,-96728.59854926086,тыс. руб.,RUB,модельный расчет,АК_Ютэйр_финансовая_модель.xlsx,Финмодель!M19,,нет,да,"базовый сценарий, новая сделка Ми-8МТВ-1. DSCR в модели: EBITDA / годовой лизинговый платеж."
RU8604005359_PROJECT_CUMULATIVE_FCF_2036,RU8604005359,АО «ЮТЭЙР-Вертолетные услуги»,2036-12-31,год,base,Финмодель новой сделки Ми-8,PROJECT_CUMULATIVE_FCF,Накопленный свободный денежный поток проекта,-208783.57889905915,-208783.57889905915,тыс. руб.,RUB,модельный расчет,АК_Ютэйр_финансовая_модель.xlsx,Финмодель!M20,,нет,да,"базовый сценарий, новая сделка Ми-8МТВ-1. DSCR в модели: EBITDA / годовой лизинговый платеж."
RU8604005359_PROJECT_DSCR_2036,RU8604005359,АО «ЮТЭЙР-Вертолетные услуги»,2036-12-31,год,base,Финмодель новой сделки Ми-8,PROJECT_DSCR,DSCR новой сделки - EBITDA / лизинговый платеж,-0.05388293398170254,-0.05388293398170254,x,,модельный расчет,АК_Ютэйр_финансовая_модель.xlsx,Финмодель!M21,,нет,да,"базовый сценарий, новая сделка Ми-8МТВ-1. DSCR в модели: EBITDA / годовой лизинговый платеж."
RU8604005359_PROJECT_LEASE_BALANCE_OPENING_2036,RU8604005359,АО «ЮТЭЙР-Вертолетные услуги»,2036-12-31,год,base,График лизинга новой сделки Ми-8,PROJECT_LEASE_BALANCE_OPENING,Остаток лизингового обязательства на начало года,339220.73066403065,339220.73066403065,тыс. руб.,RUB,модельный расчет,АК_Ютэйр_финансовая_модель.xlsx,Лизинг!B14,,нет,да,
RU8604005359_PROJECT_LEASE_BALANCE_CLOSING_2036,RU8604005359,АО «ЮТЭЙР-Вертолетные услуги»,2036-12-31,год,base,График лизинга новой сделки Ми-8,PROJECT_LEASE_BALANCE_CLOSING,Остаток лизингового обязательства на конец года,284751.9529474928,284751.9529474928,тыс. руб.,RUB,модельный расчет,АК_Ютэйр_финансовая_модель.xlsx,Лизинг!F14,,нет,да,
RU8604005359_PROJECT_HOURLY_RATE_2037,RU8604005359,АО «ЮТЭЙР-Вертолетные услуги»,2037-12-31,год,base,Финмодель новой сделки Ми-8,PROJECT_HOURLY_RATE,Ставка летного часа,1026203.6148697885,1026203.6148697885,руб./л.ч.,RUB,модельный расчет,АК_Ютэйр_финансовая_модель.xlsx,Финмодель!N4,,нет,да,"базовый сценарий, новая сделка Ми-8МТВ-1. DSCR в модели: EBITDA / годовой лизинговый платеж."
RU8604005359_PROJECT_FLIGHT_HOURS_ANNUAL_2037,RU8604005359,АО «ЮТЭЙР-Вертолетные услуги»,2037-12-31,год,base,Финмодель новой сделки Ми-8,PROJECT_FLIGHT_HOURS_ANNUAL,Годовой налет,600.0,600,л.ч. в год,,модельный расчет,АК_Ютэйр_финансовая_модель.xlsx,Финмодель!N5,,нет,да,"базовый сценарий, новая сделка Ми-8МТВ-1. DSCR в модели: EBITDA / годовой лизинговый платеж."
RU8604005359_PROJECT_REVENUE_2037,RU8604005359,АО «ЮТЭЙР-Вертолетные услуги»,2037-12-31,год,base,Финмодель новой сделки Ми-8,PROJECT_REVENUE,Выручка проекта,615722.1689218731,615722.1689218731,тыс. руб.,RUB,модельный расчет,АК_Ютэйр_финансовая_модель.xlsx,Финмодель!N6,,нет,да,"базовый сценарий, новая сделка Ми-8МТВ-1. DSCR в модели: EBITDA / годовой лизинговый платеж."
RU8604005359_PROJECT_OPEX_EX_MRO_2037,RU8604005359,АО «ЮТЭЙР-Вертолетные услуги»,2037-12-31,год,base,Финмодель новой сделки Ми-8,PROJECT_OPEX_EX_MRO,OPEX без ТОиР,184621.21374037905,184621.21374037905,тыс. руб.,RUB,модельный расчет,АК_Ютэйр_финансовая_модель.xlsx,Финмодель!N7,,нет,да,"базовый сценарий, новая сделка Ми-8МТВ-1. DSCR в модели: EBITDA / годовой лизинговый платеж."
RU8604005359_PROJECT_MRO_RESERVE_2037,RU8604005359,АО «ЮТЭЙР-Вертолетные услуги»,2037-12-31,год,base,Финмодель новой сделки Ми-8,PROJECT_MRO_RESERVE,Резерв ТОиР,465380.02417510154,465380.02417510154,тыс. руб.,RUB,модельный расчет,АК_Ютэйр_финансовая_модель.xlsx,Финмодель!N8,,нет,да,"базовый сценарий, новая сделка Ми-8МТВ-1. DSCR в модели: EBITDA / годовой лизинговый платеж."
RU8604005359_PROJECT_TOTAL_OPEX_2037,RU8604005359,АО «ЮТЭЙР-Вертолетные услуги»,2037-12-31,год,base,Финмодель новой сделки Ми-8,PROJECT_TOTAL_OPEX,Совокупный OPEX,650001.2379154806,650001.2379154806,тыс. руб.,RUB,модельный расчет,АК_Ютэйр_финансовая_модель.xlsx,Финмодель!N9,,нет,да,"базовый сценарий, новая сделка Ми-8МТВ-1. DSCR в модели: EBITDA / годовой лизинговый платеж."
RU8604005359_PROJECT_EBITDA_2037,RU8604005359,АО «ЮТЭЙР-Вертолетные услуги»,2037-12-31,год,base,Финмодель новой сделки Ми-8,PROJECT_EBITDA,EBITDA проекта,-34279.068993607536,-34279.068993607536,тыс. руб.,RUB,модельный расчет,АК_Ютэйр_финансовая_модель.xlsx,Финмодель!N10,,нет,да,"базовый сценарий, новая сделка Ми-8МТВ-1. DSCR в модели: EBITDA / годовой лизинговый платеж."
RU8604005359_PROJECT_EBITDA_MARGIN_2037,RU8604005359,АО «ЮТЭЙР-Вертолетные услуги»,2037-12-31,год,base,Финмодель новой сделки Ми-8,PROJECT_EBITDA_MARGIN,Маржа EBITDA проекта,-0.05567294913813164,-0.05567294913813164,%,,модельный расчет,АК_Ютэйр_финансовая_модель.xlsx,Финмодель!N11,,нет,да,"базовый сценарий, новая сделка Ми-8МТВ-1. DSCR в модели: EBITDA / годовой лизинговый платеж."
RU8604005359_PROJECT_LEASE_PAYMENT_2037,RU8604005359,АО «ЮТЭЙР-Вертолетные услуги»,2037-12-31,год,base,Финмодель новой сделки Ми-8,PROJECT_LEASE_PAYMENT,Годовой лизинговый платеж по новой сделке,91783.05808958119,91783.05808958119,тыс. руб.,RUB,модельный расчет,АК_Ютэйр_финансовая_модель.xlsx,Финмодель!N12,,нет,да,"базовый сценарий, новая сделка Ми-8МТВ-1. DSCR в модели: EBITDA / годовой лизинговый платеж."
RU8604005359_PROJECT_INTEREST_2037,RU8604005359,АО «ЮТЭЙР-Вертолетные услуги»,2037-12-31,год,base,Финмодель новой сделки Ми-8,PROJECT_INTEREST,Проценты по лизингу,31322.71482422421,31322.71482422421,тыс. руб.,RUB,модельный расчет,АК_Ютэйр_финансовая_модель.xlsx,Финмодель!N13,,нет,да,"базовый сценарий, новая сделка Ми-8МТВ-1. DSCR в модели: EBITDA / годовой лизинговый платеж."
RU8604005359_PROJECT_PRINCIPAL_REPAYMENT_2037,RU8604005359,АО «ЮТЭЙР-Вертолетные услуги»,2037-12-31,год,base,Финмодель новой сделки Ми-8,PROJECT_PRINCIPAL_REPAYMENT,Погашение основного долга,60460.343265356976,60460.343265356976,тыс. руб.,RUB,модельный расчет,АК_Ютэйр_финансовая_модель.xlsx,Финмодель!N14,,нет,да,"базовый сценарий, новая сделка Ми-8МТВ-1. DSCR в модели: EBITDA / годовой лизинговый платеж."
RU8604005359_PROJECT_EBIT_2037,RU8604005359,АО «ЮТЭЙР-Вертолетные услуги»,2037-12-31,год,base,Финмодель новой сделки Ми-8,PROJECT_EBIT,EBIT проекта,-126062.12708318872,-126062.12708318872,тыс. руб.,RUB,модельный расчет,АК_Ютэйр_финансовая_модель.xlsx,Финмодель!N15,,нет,да,"базовый сценарий, новая сделка Ми-8МТВ-1. DSCR в модели: EBITDA / годовой лизинговый платеж."
RU8604005359_PROJECT_INCOME_TAX_2037,RU8604005359,АО «ЮТЭЙР-Вертолетные услуги»,2037-12-31,год,base,Финмодель новой сделки Ми-8,PROJECT_INCOME_TAX,Налог на прибыль проекта,0.0,0,тыс. руб.,RUB,модельный расчет,АК_Ютэйр_финансовая_модель.xlsx,Финмодель!N16,,нет,да,"базовый сценарий, новая сделка Ми-8МТВ-1. DSCR в модели: EBITDA / годовой лизинговый платеж."
RU8604005359_PROJECT_NET_PROFIT_2037,RU8604005359,АО «ЮТЭЙР-Вертолетные услуги»,2037-12-31,год,base,Финмодель новой сделки Ми-8,PROJECT_NET_PROFIT,Чистая прибыль проекта,-126062.12708318872,-126062.12708318872,тыс. руб.,RUB,модельный расчет,АК_Ютэйр_финансовая_модель.xlsx,Финмодель!N17,,нет,да,"базовый сценарий, новая сделка Ми-8МТВ-1. DSCR в модели: EBITDA / годовой лизинговый платеж."
RU8604005359_PROJECT_OCF_2037,RU8604005359,АО «ЮТЭЙР-Вертолетные услуги»,2037-12-31,год,base,Финмодель новой сделки Ми-8,PROJECT_OCF,Операционный денежный поток проекта,-34279.068993607536,-34279.068993607536,тыс. руб.,RUB,модельный расчет,АК_Ютэйр_финансовая_модель.xlsx,Финмодель!N18,,нет,да,"базовый сценарий, новая сделка Ми-8МТВ-1. DSCR в модели: EBITDA / годовой лизинговый платеж."
RU8604005359_PROJECT_FCF_2037,RU8604005359,АО «ЮТЭЙР-Вертолетные услуги»,2037-12-31,год,base,Финмодель новой сделки Ми-8,PROJECT_FCF,Свободный денежный поток проекта,-126062.12708318872,-126062.12708318872,тыс. руб.,RUB,модельный расчет,АК_Ютэйр_финансовая_модель.xlsx,Финмодель!N19,,нет,да,"базовый сценарий, новая сделка Ми-8МТВ-1. DSCR в модели: EBITDA / годовой лизинговый платеж."
RU8604005359_PROJECT_CUMULATIVE_FCF_2037,RU8604005359,АО «ЮТЭЙР-Вертолетные услуги»,2037-12-31,год,base,Финмодель новой сделки Ми-8,PROJECT_CUMULATIVE_FCF,Накопленный свободный денежный поток проекта,-334845.7059822479,-334845.7059822479,тыс. руб.,RUB,модельный расчет,АК_Ютэйр_финансовая_модель.xlsx,Финмодель!N20,,нет,да,"базовый сценарий, новая сделка Ми-8МТВ-1. DSCR в модели: EBITDA / годовой лизинговый платеж."
RU8604005359_PROJECT_DSCR_2037,RU8604005359,АО «ЮТЭЙР-Вертолетные услуги»,2037-12-31,год,base,Финмодель новой сделки Ми-8,PROJECT_DSCR,DSCR новой сделки - EBITDA / лизинговый платеж,-0.37347926411594196,-0.37347926411594196,x,,модельный расчет,АК_Ютэйр_финансовая_модель.xlsx,Финмодель!N21,,нет,да,"базовый сценарий, новая сделка Ми-8МТВ-1. DSCR в модели: EBITDA / годовой лизинговый платеж."
RU8604005359_PROJECT_LEASE_BALANCE_OPENING_2037,RU8604005359,АО «ЮТЭЙР-Вертолетные услуги»,2037-12-31,год,base,График лизинга новой сделки Ми-8,PROJECT_LEASE_BALANCE_OPENING,Остаток лизингового обязательства на начало года,284751.9529474928,284751.9529474928,тыс. руб.,RUB,модельный расчет,АК_Ютэйр_финансовая_модель.xlsx,Лизинг!B15,,нет,да,
RU8604005359_PROJECT_LEASE_BALANCE_CLOSING_2037,RU8604005359,АО «ЮТЭЙР-Вертолетные услуги»,2037-12-31,год,base,График лизинга новой сделки Ми-8,PROJECT_LEASE_BALANCE_CLOSING,Остаток лизингового обязательства на конец года,224291.60968213587,224291.60968213587,тыс. руб.,RUB,модельный расчет,АК_Ютэйр_финансовая_модель.xlsx,Лизинг!F15,,нет,да,
RU8604005359_PROJECT_HOURLY_RATE_2038,RU8604005359,АО «ЮТЭЙР-Вертолетные услуги»,2038-12-31,год,base,Финмодель новой сделки Ми-8,PROJECT_HOURLY_RATE,Ставка летного часа,1077513.795613278,1077513.795613278,руб./л.ч.,RUB,модельный расчет,АК_Ютэйр_финансовая_модель.xlsx,Финмодель!O4,,нет,да,"базовый сценарий, новая сделка Ми-8МТВ-1. DSCR в модели: EBITDA / годовой лизинговый платеж."
RU8604005359_PROJECT_FLIGHT_HOURS_ANNUAL_2038,RU8604005359,АО «ЮТЭЙР-Вертолетные услуги»,2038-12-31,год,base,Финмодель новой сделки Ми-8,PROJECT_FLIGHT_HOURS_ANNUAL,Годовой налет,600.0,600,л.ч. в год,,модельный расчет,АК_Ютэйр_финансовая_модель.xlsx,Финмодель!O5,,нет,да,"базовый сценарий, новая сделка Ми-8МТВ-1. DSCR в модели: EBITDA / годовой лизинговый платеж."
RU8604005359_PROJECT_REVENUE_2038,RU8604005359,АО «ЮТЭЙР-Вертолетные услуги»,2038-12-31,год,base,Финмодель новой сделки Ми-8,PROJECT_REVENUE,Выручка проекта,646508.2773679667,646508.2773679667,тыс. руб.,RUB,модельный расчет,АК_Ютэйр_финансовая_модель.xlsx,Финмодель!O6,,нет,да,"базовый сценарий, новая сделка Ми-8МТВ-1. DSCR в модели: EBITDA / годовой лизинговый платеж."
RU8604005359_PROJECT_OPEX_EX_MRO_2038,RU8604005359,АО «ЮТЭЙР-Вертолетные услуги»,2038-12-31,год,base,Финмодель новой сделки Ми-8,PROJECT_OPEX_EX_MRO,OPEX без ТОиР,193852.274427398,193852.274427398,тыс. руб.,RUB,модельный расчет,АК_Ютэйр_финансовая_модель.xlsx,Финмодель!O7,,нет,да,"базовый сценарий, новая сделка Ми-8МТВ-1. DSCR в модели: EBITDA / годовой лизинговый платеж."
RU8604005359_PROJECT_MRO_RESERVE_2038,RU8604005359,АО «ЮТЭЙР-Вертолетные услуги»,2038-12-31,год,base,Финмодель новой сделки Ми-8,PROJECT_MRO_RESERVE,Резерв ТОиР,521225.6270761138,521225.6270761138,тыс. руб.,RUB,модельный расчет,АК_Ютэйр_финансовая_модель.xlsx,Финмодель!O8,,нет,да,"базовый сценарий, новая сделка Ми-8МТВ-1. DSCR в модели: EBITDA / годовой лизинговый платеж."
RU8604005359_PROJECT_TOTAL_OPEX_2038,RU8604005359,АО «ЮТЭЙР-Вертолетные услуги»,2038-12-31,год,base,Финмодель новой сделки Ми-8,PROJECT_TOTAL_OPEX,Совокупный OPEX,715077.9015035117,715077.9015035117,тыс. руб.,RUB,модельный расчет,АК_Ютэйр_финансовая_модель.xlsx,Финмодель!O9,,нет,да,"базовый сценарий, новая сделка Ми-8МТВ-1. DSCR в модели: EBITDA / годовой лизинговый платеж."
RU8604005359_PROJECT_EBITDA_2038,RU8604005359,АО «ЮТЭЙР-Вертолетные услуги»,2038-12-31,год,base,Финмодель новой сделки Ми-8,PROJECT_EBITDA,EBITDA проекта,-68569.62413554499,-68569.62413554499,тыс. руб.,RUB,модельный расчет,АК_Ютэйр_финансовая_модель.xlsx,Финмодель!O10,,нет,да,"базовый сценарий, новая сделка Ми-8МТВ-1. DSCR в модели: EBITDA / годовой лизинговый платеж."
RU8604005359_PROJECT_EBITDA_MARGIN_2038,RU8604005359,АО «ЮТЭЙР-Вертолетные услуги»,2038-12-31,год,base,Финмодель новой сделки Ми-8,PROJECT_EBITDA_MARGIN,Маржа EBITDA проекта,-0.10606147908067369,-0.10606147908067369,%,,модельный расчет,АК_Ютэйр_финансовая_модель.xlsx,Финмодель!O11,,нет,да,"базовый сценарий, новая сделка Ми-8МТВ-1. DSCR в модели: EBITDA / годовой лизинговый платеж."
RU8604005359_PROJECT_LEASE_PAYMENT_2038,RU8604005359,АО «ЮТЭЙР-Вертолетные услуги»,2038-12-31,год,base,Финмодель новой сделки Ми-8,PROJECT_LEASE_PAYMENT,Годовой лизинговый платеж по новой сделке,91783.05808958119,91783.05808958119,тыс. руб.,RUB,модельный расчет,АК_Ютэйр_финансовая_модель.xlsx,Финмодель!O12,,нет,да,"базовый сценарий, новая сделка Ми-8МТВ-1. DSCR в модели: EBITDA / годовой лизинговый платеж."
RU8604005359_PROJECT_INTEREST_2038,RU8604005359,АО «ЮТЭЙР-Вертолетные услуги»,2038-12-31,год,base,Финмодель новой сделки Ми-8,PROJECT_INTEREST,Проценты по лизингу,24672.077065034944,24672.077065034944,тыс. руб.,RUB,модельный расчет,АК_Ютэйр_финансовая_модель.xlsx,Финмодель!O13,,нет,да,"базовый сценарий, новая сделка Ми-8МТВ-1. DSCR в модели: EBITDA / годовой лизинговый платеж."
RU8604005359_PROJECT_PRINCIPAL_REPAYMENT_2038,RU8604005359,АО «ЮТЭЙР-Вертолетные услуги»,2038-12-31,год,base,Финмодель новой сделки Ми-8,PROJECT_PRINCIPAL_REPAYMENT,Погашение основного долга,67110.98102454624,67110.98102454624,тыс. руб.,RUB,модельный расчет,АК_Ютэйр_финансовая_модель.xlsx,Финмодель!O14,,нет,да,"базовый сценарий, новая сделка Ми-8МТВ-1. DSCR в модели: EBITDA / годовой лизинговый платеж."
RU8604005359_PROJECT_EBIT_2038,RU8604005359,АО «ЮТЭЙР-Вертолетные услуги»,2038-12-31,год,base,Финмодель новой сделки Ми-8,PROJECT_EBIT,EBIT проекта,-160352.6822251262,-160352.6822251262,тыс. руб.,RUB,модельный расчет,АК_Ютэйр_финансовая_модель.xlsx,Финмодель!O15,,нет,да,"базовый сценарий, новая сделка Ми-8МТВ-1. DSCR в модели: EBITDA / годовой лизинговый платеж."
RU8604005359_PROJECT_INCOME_TAX_2038,RU8604005359,АО «ЮТЭЙР-Вертолетные услуги»,2038-12-31,год,base,Финмодель новой сделки Ми-8,PROJECT_INCOME_TAX,Налог на прибыль проекта,0.0,0,тыс. руб.,RUB,модельный расчет,АК_Ютэйр_финансовая_модель.xlsx,Финмодель!O16,,нет,да,"базовый сценарий, новая сделка Ми-8МТВ-1. DSCR в модели: EBITDA / годовой лизинговый платеж."
RU8604005359_PROJECT_NET_PROFIT_2038,RU8604005359,АО «ЮТЭЙР-Вертолетные услуги»,2038-12-31,год,base,Финмодель новой сделки Ми-8,PROJECT_NET_PROFIT,Чистая прибыль проекта,-160352.6822251262,-160352.6822251262,тыс. руб.,RUB,модельный расчет,АК_Ютэйр_финансовая_модель.xlsx,Финмодель!O17,,нет,да,"базовый сценарий, новая сделка Ми-8МТВ-1. DSCR в модели: EBITDA / годовой лизинговый платеж."
RU8604005359_PROJECT_OCF_2038,RU8604005359,АО «ЮТЭЙР-Вертолетные услуги»,2038-12-31,год,base,Финмодель новой сделки Ми-8,PROJECT_OCF,Операционный денежный поток проекта,-68569.62413554499,-68569.62413554499,тыс. руб.,RUB,модельный расчет,АК_Ютэйр_финансовая_модель.xlsx,Финмодель!O18,,нет,да,"базовый сценарий, новая сделка Ми-8МТВ-1. DSCR в модели: EBITDA / годовой лизинговый платеж."
RU8604005359_PROJECT_FCF_2038,RU8604005359,АО «ЮТЭЙР-Вертолетные услуги»,2038-12-31,год,base,Финмодель новой сделки Ми-8,PROJECT_FCF,Свободный денежный поток проекта,-160352.6822251262,-160352.6822251262,тыс. руб.,RUB,модельный расчет,АК_Ютэйр_финансовая_модель.xlsx,Финмодель!O19,,нет,да,"базовый сценарий, новая сделка Ми-8МТВ-1. DSCR в модели: EBITDA / годовой лизинговый платеж."
RU8604005359_PROJECT_CUMULATIVE_FCF_2038,RU8604005359,АО «ЮТЭЙР-Вертолетные услуги»,2038-12-31,год,base,Финмодель новой сделки Ми-8,PROJECT_CUMULATIVE_FCF,Накопленный свободный денежный поток проекта,-495198.3882073741,-495198.3882073741,тыс. руб.,RUB,модельный расчет,АК_Ютэйр_финансовая_модель.xlsx,Финмодель!O20,,нет,да,"базовый сценарий, новая сделка Ми-8МТВ-1. DSCR в модели: EBITDA / годовой лизинговый платеж."
RU8604005359_PROJECT_DSCR_2038,RU8604005359,АО «ЮТЭЙР-Вертолетные услуги»,2038-12-31,год,base,Финмодель новой сделки Ми-8,PROJECT_DSCR,DSCR новой сделки - EBITDA / лизинговый платеж,-0.7470836727691111,-0.7470836727691111,x,,модельный расчет,АК_Ютэйр_финансовая_модель.xlsx,Финмодель!O21,,нет,да,"базовый сценарий, новая сделка Ми-8МТВ-1. DSCR в модели: EBITDA / годовой лизинговый платеж."
RU8604005359_PROJECT_LEASE_BALANCE_OPENING_2038,RU8604005359,АО «ЮТЭЙР-Вертолетные услуги»,2038-12-31,год,base,График лизинга новой сделки Ми-8,PROJECT_LEASE_BALANCE_OPENING,Остаток лизингового обязательства на начало года,224291.60968213587,224291.60968213587,тыс. руб.,RUB,модельный расчет,АК_Ютэйр_финансовая_модель.xlsx,Лизинг!B16,,нет,да,
RU8604005359_PROJECT_LEASE_BALANCE_CLOSING_2038,RU8604005359,АО «ЮТЭЙР-Вертолетные услуги»,2038-12-31,год,base,График лизинга новой сделки Ми-8,PROJECT_LEASE_BALANCE_CLOSING,Остаток лизингового обязательства на конец года,157180.6286575896,157180.6286575896,тыс. руб.,RUB,модельный расчет,АК_Ютэйр_финансовая_модель.xlsx,Лизинг!F16,,нет,да,
RU8604005359_PROJECT_HOURLY_RATE_2039,RU8604005359,АО «ЮТЭЙР-Вертолетные услуги»,2039-12-31,год,base,Финмодель новой сделки Ми-8,PROJECT_HOURLY_RATE,Ставка летного часа,1131389.485393942,1131389.485393942,руб./л.ч.,RUB,модельный расчет,АК_Ютэйр_финансовая_модель.xlsx,Финмодель!P4,,нет,да,"базовый сценарий, новая сделка Ми-8МТВ-1. DSCR в модели: EBITDA / годовой лизинговый платеж."
RU8604005359_PROJECT_FLIGHT_HOURS_ANNUAL_2039,RU8604005359,АО «ЮТЭЙР-Вертолетные услуги»,2039-12-31,год,base,Финмодель новой сделки Ми-8,PROJECT_FLIGHT_HOURS_ANNUAL,Годовой налет,600.0,600,л.ч. в год,,модельный расчет,АК_Ютэйр_финансовая_модель.xlsx,Финмодель!P5,,нет,да,"базовый сценарий, новая сделка Ми-8МТВ-1. DSCR в модели: EBITDA / годовой лизинговый платеж."
RU8604005359_PROJECT_REVENUE_2039,RU8604005359,АО «ЮТЭЙР-Вертолетные услуги»,2039-12-31,год,base,Финмодель новой сделки Ми-8,PROJECT_REVENUE,Выручка проекта,678833.6912363654,678833.6912363654,тыс. руб.,RUB,модельный расчет,АК_Ютэйр_финансовая_модель.xlsx,Финмодель!P6,,нет,да,"базовый сценарий, новая сделка Ми-8МТВ-1. DSCR в модели: EBITDA / годовой лизинговый платеж."
RU8604005359_PROJECT_OPEX_EX_MRO_2039,RU8604005359,АО «ЮТЭЙР-Вертолетные услуги»,2039-12-31,год,base,Финмодель новой сделки Ми-8,PROJECT_OPEX_EX_MRO,OPEX без ТОиР,203544.88814876793,203544.88814876793,тыс. руб.,RUB,модельный расчет,АК_Ютэйр_финансовая_модель.xlsx,Финмодель!P7,,нет,да,"базовый сценарий, новая сделка Ми-8МТВ-1. DSCR в модели: EBITDA / годовой лизинговый платеж."
RU8604005359_PROJECT_MRO_RESERVE_2039,RU8604005359,АО «ЮТЭЙР-Вертолетные услуги»,2039-12-31,год,base,Финмодель новой сделки Ми-8,PROJECT_MRO_RESERVE,Резерв ТОиР,583772.7023252475,583772.7023252475,тыс. руб.,RUB,модельный расчет,АК_Ютэйр_финансовая_модель.xlsx,Финмодель!P8,,нет,да,"базовый сценарий, новая сделка Ми-8МТВ-1. DSCR в модели: EBITDA / годовой лизинговый платеж."
RU8604005359_PROJECT_TOTAL_OPEX_2039,RU8604005359,АО «ЮТЭЙР-Вертолетные услуги»,2039-12-31,год,base,Финмодель новой сделки Ми-8,PROJECT_TOTAL_OPEX,Совокупный OPEX,787317.5904740153,787317.5904740153,тыс. руб.,RUB,модельный расчет,АК_Ютэйр_финансовая_модель.xlsx,Финмодель!P9,,нет,да,"базовый сценарий, новая сделка Ми-8МТВ-1. DSCR в модели: EBITDA / годовой лизинговый платеж."
RU8604005359_PROJECT_EBITDA_2039,RU8604005359,АО «ЮТЭЙР-Вертолетные услуги»,2039-12-31,год,base,Финмодель новой сделки Ми-8,PROJECT_EBITDA,EBITDA проекта,-108483.89923764998,-108483.89923764998,тыс. руб.,RUB,модельный расчет,АК_Ютэйр_финансовая_модель.xlsx,Финмодель!P10,,нет,да,"базовый сценарий, новая сделка Ми-8МТВ-1. DSCR в модели: EBITDA / годовой лизинговый платеж."
RU8604005359_PROJECT_EBITDA_MARGIN_2039,RU8604005359,АО «ЮТЭЙР-Вертолетные услуги»,2039-12-31,год,base,Финмодель новой сделки Ми-8,PROJECT_EBITDA_MARGIN,Маржа EBITDA проекта,-0.1598092443527182,-0.1598092443527182,%,,модельный расчет,АК_Ютэйр_финансовая_модель.xlsx,Финмодель!P11,,нет,да,"базовый сценарий, новая сделка Ми-8МТВ-1. DSCR в модели: EBITDA / годовой лизинговый платеж."
RU8604005359_PROJECT_LEASE_PAYMENT_2039,RU8604005359,АО «ЮТЭЙР-Вертолетные услуги»,2039-12-31,год,base,Финмодель новой сделки Ми-8,PROJECT_LEASE_PAYMENT,Годовой лизинговый платеж по новой сделке,91783.05808958119,91783.05808958119,тыс. руб.,RUB,модельный расчет,АК_Ютэйр_финансовая_модель.xlsx,Финмодель!P12,,нет,да,"базовый сценарий, новая сделка Ми-8МТВ-1. DSCR в модели: EBITDA / годовой лизинговый платеж."
RU8604005359_PROJECT_INTEREST_2039,RU8604005359,АО «ЮТЭЙР-Вертолетные услуги»,2039-12-31,год,base,Финмодель новой сделки Ми-8,PROJECT_INTEREST,Проценты по лизингу,17289.869152334857,17289.869152334857,тыс. руб.,RUB,модельный расчет,АК_Ютэйр_финансовая_модель.xlsx,Финмодель!P13,,нет,да,"базовый сценарий, новая сделка Ми-8МТВ-1. DSCR в модели: EBITDA / годовой лизинговый платеж."
RU8604005359_PROJECT_PRINCIPAL_REPAYMENT_2039,RU8604005359,АО «ЮТЭЙР-Вертолетные услуги»,2039-12-31,год,base,Финмодель новой сделки Ми-8,PROJECT_PRINCIPAL_REPAYMENT,Погашение основного долга,74493.18893724633,74493.18893724633,тыс. руб.,RUB,модельный расчет,АК_Ютэйр_финансовая_модель.xlsx,Финмодель!P14,,нет,да,"базовый сценарий, новая сделка Ми-8МТВ-1. DSCR в модели: EBITDA / годовой лизинговый платеж."
RU8604005359_PROJECT_EBIT_2039,RU8604005359,АО «ЮТЭЙР-Вертолетные услуги»,2039-12-31,год,base,Финмодель новой сделки Ми-8,PROJECT_EBIT,EBIT проекта,-200266.95732723118,-200266.95732723118,тыс. руб.,RUB,модельный расчет,АК_Ютэйр_финансовая_модель.xlsx,Финмодель!P15,,нет,да,"базовый сценарий, новая сделка Ми-8МТВ-1. DSCR в модели: EBITDA / годовой лизинговый платеж."
RU8604005359_PROJECT_INCOME_TAX_2039,RU8604005359,АО «ЮТЭЙР-Вертолетные услуги»,2039-12-31,год,base,Финмодель новой сделки Ми-8,PROJECT_INCOME_TAX,Налог на прибыль проекта,0.0,0,тыс. руб.,RUB,модельный расчет,АК_Ютэйр_финансовая_модель.xlsx,Финмодель!P16,,нет,да,"базовый сценарий, новая сделка Ми-8МТВ-1. DSCR в модели: EBITDA / годовой лизинговый платеж."
RU8604005359_PROJECT_NET_PROFIT_2039,RU8604005359,АО «ЮТЭЙР-Вертолетные услуги»,2039-12-31,год,base,Финмодель новой сделки Ми-8,PROJECT_NET_PROFIT,Чистая прибыль проекта,-200266.95732723118,-200266.95732723118,тыс. руб.,RUB,модельный расчет,АК_Ютэйр_финансовая_модель.xlsx,Финмодель!P17,,нет,да,"базовый сценарий, новая сделка Ми-8МТВ-1. DSCR в модели: EBITDA / годовой лизинговый платеж."
RU8604005359_PROJECT_OCF_2039,RU8604005359,АО «ЮТЭЙР-Вертолетные услуги»,2039-12-31,год,base,Финмодель новой сделки Ми-8,PROJECT_OCF,Операционный денежный поток проекта,-108483.89923764998,-108483.89923764998,тыс. руб.,RUB,модельный расчет,АК_Ютэйр_финансовая_модель.xlsx,Финмодель!P18,,нет,да,"базовый сценарий, новая сделка Ми-8МТВ-1. DSCR в модели: EBITDA / годовой лизинговый платеж."
RU8604005359_PROJECT_FCF_2039,RU8604005359,АО «ЮТЭЙР-Вертолетные услуги»,2039-12-31,год,base,Финмодель новой сделки Ми-8,PROJECT_FCF,Свободный денежный поток проекта,-200266.95732723118,-200266.95732723118,тыс. руб.,RUB,модельный расчет,АК_Ютэйр_финансовая_модель.xlsx,Финмодель!P19,,нет,да,"базовый сценарий, новая сделка Ми-8МТВ-1. DSCR в модели: EBITDA / годовой лизинговый платеж."
RU8604005359_PROJECT_CUMULATIVE_FCF_2039,RU8604005359,АО «ЮТЭЙР-Вертолетные услуги»,2039-12-31,год,base,Финмодель новой сделки Ми-8,PROJECT_CUMULATIVE_FCF,Накопленный свободный денежный поток проекта,-695465.3455346052,-695465.3455346052,тыс. руб.,RUB,модельный расчет,АК_Ютэйр_финансовая_модель.xlsx,Финмодель!P20,,нет,да,"базовый сценарий, новая сделка Ми-8МТВ-1. DSCR в модели: EBITDA / годовой лизинговый платеж."
RU8604005359_PROJECT_DSCR_2039,RU8604005359,АО «ЮТЭЙР-Вертолетные услуги»,2039-12-31,год,base,Финмодель новой сделки Ми-8,PROJECT_DSCR,DSCR новой сделки - EBITDA / лизинговый платеж,-1.1819599553086213,-1.1819599553086213,x,,модельный расчет,АК_Ютэйр_финансовая_модель.xlsx,Финмодель!P21,,нет,да,"базовый сценарий, новая сделка Ми-8МТВ-1. DSCR в модели: EBITDA / годовой лизинговый платеж."
RU8604005359_PROJECT_LEASE_BALANCE_OPENING_2039,RU8604005359,АО «ЮТЭЙР-Вертолетные услуги»,2039-12-31,год,base,График лизинга новой сделки Ми-8,PROJECT_LEASE_BALANCE_OPENING,Остаток лизингового обязательства на начало года,157180.6286575896,157180.6286575896,тыс. руб.,RUB,модельный расчет,АК_Ютэйр_финансовая_модель.xlsx,Лизинг!B17,,нет,да,
RU8604005359_PROJECT_LEASE_BALANCE_CLOSING_2039,RU8604005359,АО «ЮТЭЙР-Вертолетные услуги»,2039-12-31,год,base,График лизинга новой сделки Ми-8,PROJECT_LEASE_BALANCE_CLOSING,Остаток лизингового обязательства на конец года,82687.43972034327,82687.43972034327,тыс. руб.,RUB,модельный расчет,АК_Ютэйр_финансовая_модель.xlsx,Лизинг!F17,,нет,да,
RU8604005359_PROJECT_HOURLY_RATE_2040,RU8604005359,АО «ЮТЭЙР-Вертолетные услуги»,2040-12-31,год,base,Финмодель новой сделки Ми-8,PROJECT_HOURLY_RATE,Ставка летного часа,1187958.9596636393,1187958.9596636393,руб./л.ч.,RUB,модельный расчет,АК_Ютэйр_финансовая_модель.xlsx,Финмодель!Q4,,нет,да,"базовый сценарий, новая сделка Ми-8МТВ-1. DSCR в модели: EBITDA / годовой лизинговый платеж."
RU8604005359_PROJECT_FLIGHT_HOURS_ANNUAL_2040,RU8604005359,АО «ЮТЭЙР-Вертолетные услуги»,2040-12-31,год,base,Финмодель новой сделки Ми-8,PROJECT_FLIGHT_HOURS_ANNUAL,Годовой налет,600.0,600,л.ч. в год,,модельный расчет,АК_Ютэйр_финансовая_модель.xlsx,Финмодель!Q5,,нет,да,"базовый сценарий, новая сделка Ми-8МТВ-1. DSCR в модели: EBITDA / годовой лизинговый платеж."
RU8604005359_PROJECT_REVENUE_2040,RU8604005359,АО «ЮТЭЙР-Вертолетные услуги»,2040-12-31,год,base,Финмодель новой сделки Ми-8,PROJECT_REVENUE,Выручка проекта,712775.3757981836,712775.3757981836,тыс. руб.,RUB,модельный расчет,АК_Ютэйр_финансовая_модель.xlsx,Финмодель!Q6,,нет,да,"базовый сценарий, новая сделка Ми-8МТВ-1. DSCR в модели: EBITDA / годовой лизинговый платеж."
RU8604005359_PROJECT_OPEX_EX_MRO_2040,RU8604005359,АО «ЮТЭЙР-Вертолетные услуги»,2040-12-31,год,base,Финмодель новой сделки Ми-8,PROJECT_OPEX_EX_MRO,OPEX без ТОиР,213722.13255620634,213722.13255620634,тыс. руб.,RUB,модельный расчет,АК_Ютэйр_финансовая_модель.xlsx,Финмодель!Q7,,нет,да,"базовый сценарий, новая сделка Ми-8МТВ-1. DSCR в модели: EBITDA / годовой лизинговый платеж."
RU8604005359_PROJECT_MRO_RESERVE_2040,RU8604005359,АО «ЮТЭЙР-Вертолетные услуги»,2040-12-31,год,base,Финмодель новой сделки Ми-8,PROJECT_MRO_RESERVE,Резерв ТОиР,653825.4266042771,653825.4266042771,тыс. руб.,RUB,модельный расчет,АК_Ютэйр_финансовая_модель.xlsx,Финмодель!Q8,,нет,да,"базовый сценарий, новая сделка Ми-8МТВ-1. DSCR в модели: EBITDA / годовой лизинговый платеж."
RU8604005359_PROJECT_TOTAL_OPEX_2040,RU8604005359,АО «ЮТЭЙР-Вертолетные услуги»,2040-12-31,год,base,Финмодель новой сделки Ми-8,PROJECT_TOTAL_OPEX,Совокупный OPEX,867547.5591604834,867547.5591604834,тыс. руб.,RUB,модельный расчет,АК_Ютэйр_финансовая_модель.xlsx,Финмодель!Q9,,нет,да,"базовый сценарий, новая сделка Ми-8МТВ-1. DSCR в модели: EBITDA / годовой лизинговый платеж."
RU8604005359_PROJECT_EBITDA_2040,RU8604005359,АО «ЮТЭЙР-Вертолетные услуги»,2040-12-31,год,base,Финмодель новой сделки Ми-8,PROJECT_EBITDA,EBITDA проекта,-154772.1833622998,-154772.1833622998,тыс. руб.,RUB,модельный расчет,АК_Ютэйр_финансовая_модель.xlsx,Финмодель!Q10,,нет,да,"базовый сценарий, новая сделка Ми-8МТВ-1. DSCR в модели: EBITDA / годовой лизинговый платеж."
RU8604005359_PROJECT_EBITDA_MARGIN_2040,RU8604005359,АО «ЮТЭЙР-Вертолетные услуги»,2040-12-31,год,base,Финмодель новой сделки Ми-8,PROJECT_EBITDA_MARGIN,Маржа EBITDA проекта,-0.2171401939762328,-0.2171401939762328,%,,модельный расчет,АК_Ютэйр_финансовая_модель.xlsx,Финмодель!Q11,,нет,да,"базовый сценарий, новая сделка Ми-8МТВ-1. DSCR в модели: EBITDA / годовой лизинговый платеж."
RU8604005359_PROJECT_LEASE_PAYMENT_2040,RU8604005359,АО «ЮТЭЙР-Вертолетные услуги»,2040-12-31,год,base,Финмодель новой сделки Ми-8,PROJECT_LEASE_PAYMENT,Годовой лизинговый платеж по новой сделке,91783.05808958119,91783.05808958119,тыс. руб.,RUB,модельный расчет,АК_Ютэйр_финансовая_модель.xlsx,Финмодель!Q12,,нет,да,"базовый сценарий, новая сделка Ми-8МТВ-1. DSCR в модели: EBITDA / годовой лизинговый платеж."
RU8604005359_PROJECT_INTEREST_2040,RU8604005359,АО «ЮТЭЙР-Вертолетные услуги»,2040-12-31,год,base,Финмодель новой сделки Ми-8,PROJECT_INTEREST,Проценты по лизингу,9095.61836923776,9095.61836923776,тыс. руб.,RUB,модельный расчет,АК_Ютэйр_финансовая_модель.xlsx,Финмодель!Q13,,нет,да,"базовый сценарий, новая сделка Ми-8МТВ-1. DSCR в модели: EBITDA / годовой лизинговый платеж."
RU8604005359_PROJECT_PRINCIPAL_REPAYMENT_2040,RU8604005359,АО «ЮТЭЙР-Вертолетные услуги»,2040-12-31,год,base,Финмодель новой сделки Ми-8,PROJECT_PRINCIPAL_REPAYMENT,Погашение основного долга,82687.43972034342,82687.43972034342,тыс. руб.,RUB,модельный расчет,АК_Ютэйр_финансовая_модель.xlsx,Финмодель!Q14,,нет,да,"базовый сценарий, новая сделка Ми-8МТВ-1. DSCR в модели: EBITDA / годовой лизинговый платеж."
RU8604005359_PROJECT_EBIT_2040,RU8604005359,АО «ЮТЭЙР-Вертолетные услуги»,2040-12-31,год,base,Финмодель новой сделки Ми-8,PROJECT_EBIT,EBIT проекта,-246555.241451881,-246555.241451881,тыс. руб.,RUB,модельный расчет,АК_Ютэйр_финансовая_модель.xlsx,Финмодель!Q15,,нет,да,"базовый сценарий, новая сделка Ми-8МТВ-1. DSCR в модели: EBITDA / годовой лизинговый платеж."
RU8604005359_PROJECT_INCOME_TAX_2040,RU8604005359,АО «ЮТЭЙР-Вертолетные услуги»,2040-12-31,год,base,Финмодель новой сделки Ми-8,PROJECT_INCOME_TAX,Налог на прибыль проекта,0.0,0,тыс. руб.,RUB,модельный расчет,АК_Ютэйр_финансовая_модель.xlsx,Финмодель!Q16,,нет,да,"базовый сценарий, новая сделка Ми-8МТВ-1. DSCR в модели: EBITDA / годовой лизинговый платеж."
RU8604005359_PROJECT_NET_PROFIT_2040,RU8604005359,АО «ЮТЭЙР-Вертолетные услуги»,2040-12-31,год,base,Финмодель новой сделки Ми-8,PROJECT_NET_PROFIT,Чистая прибыль проекта,-246555.241451881,-246555.241451881,тыс. руб.,RUB,модельный расчет,АК_Ютэйр_финансовая_модель.xlsx,Финмодель!Q17,,нет,да,"базовый сценарий, новая сделка Ми-8МТВ-1. DSCR в модели: EBITDA / годовой лизинговый платеж."
RU8604005359_PROJECT_OCF_2040,RU8604005359,АО «ЮТЭЙР-Вертолетные услуги»,2040-12-31,год,base,Финмодель новой сделки Ми-8,PROJECT_OCF,Операционный денежный поток проекта,-154772.1833622998,-154772.1833622998,тыс. руб.,RUB,модельный расчет,АК_Ютэйр_финансовая_модель.xlsx,Финмодель!Q18,,нет,да,"базовый сценарий, новая сделка Ми-8МТВ-1. DSCR в модели: EBITDA / годовой лизинговый платеж."
RU8604005359_PROJECT_FCF_2040,RU8604005359,АО «ЮТЭЙР-Вертолетные услуги»,2040-12-31,год,base,Финмодель новой сделки Ми-8,PROJECT_FCF,Свободный денежный поток проекта,-246555.241451881,-246555.241451881,тыс. руб.,RUB,модельный расчет,АК_Ютэйр_финансовая_модель.xlsx,Финмодель!Q19,,нет,да,"базовый сценарий, новая сделка Ми-8МТВ-1. DSCR в модели: EBITDA / годовой лизинговый платеж."
RU8604005359_PROJECT_CUMULATIVE_FCF_2040,RU8604005359,АО «ЮТЭЙР-Вертолетные услуги»,2040-12-31,год,base,Финмодель новой сделки Ми-8,PROJECT_CUMULATIVE_FCF,Накопленный свободный денежный поток проекта,-942020.5869864862,-942020.5869864862,тыс. руб.,RUB,модельный расчет,АК_Ютэйр_финансовая_модель.xlsx,Финмодель!Q20,,нет,да,"базовый сценарий, новая сделка Ми-8МТВ-1. DSCR в модели: EBITDA / годовой лизинговый платеж."
RU8604005359_PROJECT_DSCR_2040,RU8604005359,АО «ЮТЭЙР-Вертолетные услуги»,2040-12-31,год,base,Финмодель новой сделки Ми-8,PROJECT_DSCR,DSCR новой сделки - EBITDA / лизинговый платеж,-1.6862827038432366,-1.6862827038432366,x,,модельный расчет,АК_Ютэйр_финансовая_модель.xlsx,Финмодель!Q21,,нет,да,"базовый сценарий, новая сделка Ми-8МТВ-1. DSCR в модели: EBITDA / годовой лизинговый платеж."
RU8604005359_PROJECT_LEASE_BALANCE_OPENING_2040,RU8604005359,АО «ЮТЭЙР-Вертолетные услуги»,2040-12-31,год,base,График лизинга новой сделки Ми-8,PROJECT_LEASE_BALANCE_OPENING,Остаток лизингового обязательства на начало года,82687.43972034327,82687.43972034327,тыс. руб.,RUB,модельный расчет,АК_Ютэйр_финансовая_модель.xlsx,Лизинг!B18,,нет,да,
RU8604005359_PROJECT_LEASE_BALANCE_CLOSING_2040,RU8604005359,АО «ЮТЭЙР-Вертолетные услуги»,2040-12-31,год,base,График лизинга новой сделки Ми-8,PROJECT_LEASE_BALANCE_CLOSING,Остаток лизингового обязательства на конец года,0.0,0,тыс. руб.,RUB,модельный расчет,АК_Ютэйр_финансовая_модель.xlsx,Лизинг!F18,,нет,да,
RU8604005359_PROJECT_SCENARIO_FLIGHT_HOURS_2026_monthly_hours_360,RU8604005359,АО «ЮТЭЙР-Вертолетные услуги»,2026-12-31,год,monthly_hours_360,Сценарии новой сделки Ми-8,PROJECT_SCENARIO_FLIGHT_HOURS,Налет по сценарию,360.0,360,л.ч. в год,,модельный расчет,АК_Ютэйр_финансовая_модель.xlsx,Сценарии!B4,,нет,да,сценарий: 30 ч/мес; новая сделка Ми-8МТВ-1
RU8604005359_PROJECT_SCENARIO_HOURLY_RATE_BREAKEVEN_2026_monthly_hours_360,RU8604005359,АО «ЮТЭЙР-Вертолетные услуги»,2026-12-31,год,monthly_hours_360,Сценарии новой сделки Ми-8,PROJECT_SCENARIO_HOURLY_RATE_BREAKEVEN,Безубыточная ставка часа по сценарию,249515.56547830455,249515.56547830455,руб./л.ч.,RUB,модельный расчет,АК_Ютэйр_финансовая_модель.xlsx,Сценарии!B5,,нет,да,сценарий: 30 ч/мес; новая сделка Ми-8МТВ-1
RU8604005359_PROJECT_SCENARIO_REVENUE_2026_monthly_hours_360,RU8604005359,АО «ЮТЭЙР-Вертолетные услуги»,2026-12-31,год,monthly_hours_360,Сценарии новой сделки Ми-8,PROJECT_SCENARIO_REVENUE,Выручка по сценарию,30000.0,30000,тыс. руб.,RUB,модельный расчет,АК_Ютэйр_финансовая_модель.xlsx,Сценарии!B6,,нет,да,сценарий: 30 ч/мес; новая сделка Ми-8МТВ-1
RU8604005359_PROJECT_SCENARIO_EBITDA_2026_monthly_hours_360,RU8604005359,АО «ЮТЭЙР-Вертолетные услуги»,2026-12-31,год,monthly_hours_360,Сценарии новой сделки Ми-8,PROJECT_SCENARIO_EBITDA,EBITDA по сценарию,-124592.12357218965,-124592.12357218965,тыс. руб.,RUB,модельный расчет,АК_Ютэйр_финансовая_модель.xlsx,Сценарии!B7,,нет,да,сценарий: 30 ч/мес; новая сделка Ми-8МТВ-1
RU8604005359_PROJECT_SCENARIO_EBITDA_MARGIN_2026_monthly_hours_360,RU8604005359,АО «ЮТЭЙР-Вертолетные услуги»,2026-12-31,год,monthly_hours_360,Сценарии новой сделки Ми-8,PROJECT_SCENARIO_EBITDA_MARGIN,Маржа EBITDA по сценарию,-4.153070785739655,-4.153070785739655,%,,модельный расчет,АК_Ютэйр_финансовая_модель.xlsx,Сценарии!B8,,нет,да,сценарий: 30 ч/мес; новая сделка Ми-8МТВ-1
RU8604005359_PROJECT_SCENARIO_LEASE_PAYMENT_2026_monthly_hours_360,RU8604005359,АО «ЮТЭЙР-Вертолетные услуги»,2026-12-31,год,monthly_hours_360,Сценарии новой сделки Ми-8,PROJECT_SCENARIO_LEASE_PAYMENT,Лизинговый платеж по сценарию,91783.05808958119,91783.05808958119,тыс. руб.,RUB,модельный расчет,АК_Ютэйр_финансовая_модель.xlsx,Сценарии!B9,,нет,да,сценарий: 30 ч/мес; новая сделка Ми-8МТВ-1
RU8604005359_PROJECT_SCENARIO_DSCR_2026_monthly_hours_360,RU8604005359,АО «ЮТЭЙР-Вертолетные услуги»,2026-12-31,год,monthly_hours_360,Сценарии новой сделки Ми-8,PROJECT_SCENARIO_DSCR,DSCR по сценарию,-1.357463198170914,-1.357463198170914,x,,модельный расчет,АК_Ютэйр_финансовая_модель.xlsx,Сценарии!B12,,нет,да,сценарий: 30 ч/мес; новая сделка Ми-8МТВ-1
RU8604005359_PROJECT_SCENARIO_FLIGHT_HOURS_2026_monthly_hours_480,RU8604005359,АО «ЮТЭЙР-Вертолетные услуги»,2026-12-31,год,monthly_hours_480,Сценарии новой сделки Ми-8,PROJECT_SCENARIO_FLIGHT_HOURS,Налет по сценарию,480.0,480,л.ч. в год,,модельный расчет,АК_Ютэйр_финансовая_модель.xlsx,Сценарии!C4,,нет,да,сценарий: 40 ч/мес; новая сделка Ми-8МТВ-1
RU8604005359_PROJECT_SCENARIO_HOURLY_RATE_BREAKEVEN_2026_monthly_hours_480,RU8604005359,АО «ЮТЭЙР-Вертолетные услуги»,2026-12-31,год,monthly_hours_480,Сценарии новой сделки Ми-8,PROJECT_SCENARIO_HOURLY_RATE_BREAKEVEN,Безубыточная ставка часа по сценарию,232646.36065501947,232646.36065501947,руб./л.ч.,RUB,модельный расчет,АК_Ютэйр_финансовая_модель.xlsx,Сценарии!C5,,нет,да,сценарий: 40 ч/мес; новая сделка Ми-8МТВ-1
RU8604005359_PROJECT_SCENARIO_REVENUE_2026_monthly_hours_480,RU8604005359,АО «ЮТЭЙР-Вертолетные услуги»,2026-12-31,год,monthly_hours_480,Сценарии новой сделки Ми-8,PROJECT_SCENARIO_REVENUE,Выручка по сценарию,30000.0,30000,тыс. руб.,RUB,модельный расчет,АК_Ютэйр_финансовая_модель.xlsx,Сценарии!C6,,нет,да,сценарий: 40 ч/мес; новая сделка Ми-8МТВ-1
RU8604005359_PROJECT_SCENARIO_EBITDA_2026_monthly_hours_480,RU8604005359,АО «ЮТЭЙР-Вертолетные услуги»,2026-12-31,год,monthly_hours_480,Сценарии новой сделки Ми-8,PROJECT_SCENARIO_EBITDA,EBITDA по сценарию,-168025.61311440932,-168025.61311440932,тыс. руб.,RUB,модельный расчет,АК_Ютэйр_финансовая_модель.xlsx,Сценарии!C7,,нет,да,сценарий: 40 ч/мес; новая сделка Ми-8МТВ-1
RU8604005359_PROJECT_SCENARIO_EBITDA_MARGIN_2026_monthly_hours_480,RU8604005359,АО «ЮТЭЙР-Вертолетные услуги»,2026-12-31,год,monthly_hours_480,Сценарии новой сделки Ми-8,PROJECT_SCENARIO_EBITDA_MARGIN,Маржа EBITDA по сценарию,-5.6008537704803105,-5.6008537704803105,%,,модельный расчет,АК_Ютэйр_финансовая_модель.xlsx,Сценарии!C8,,нет,да,сценарий: 40 ч/мес; новая сделка Ми-8МТВ-1
RU8604005359_PROJECT_SCENARIO_LEASE_PAYMENT_2026_monthly_hours_480,RU8604005359,АО «ЮТЭЙР-Вертолетные услуги»,2026-12-31,год,monthly_hours_480,Сценарии новой сделки Ми-8,PROJECT_SCENARIO_LEASE_PAYMENT,Лизинговый платеж по сценарию,91783.05808958119,91783.05808958119,тыс. руб.,RUB,модельный расчет,АК_Ютэйр_финансовая_модель.xlsx,Сценарии!C9,,нет,да,сценарий: 40 ч/мес; новая сделка Ми-8МТВ-1
RU8604005359_PROJECT_SCENARIO_DSCR_2026_monthly_hours_480,RU8604005359,АО «ЮТЭЙР-Вертолетные услуги»,2026-12-31,год,monthly_hours_480,Сценарии новой сделки Ми-8,PROJECT_SCENARIO_DSCR,DSCR по сценарию,-1.8306822262384703,-1.8306822262384703,x,,модельный расчет,АК_Ютэйр_финансовая_модель.xlsx,Сценарии!C12,,нет,да,сценарий: 40 ч/мес; новая сделка Ми-8МТВ-1
RU8604005359_PROJECT_SCENARIO_FLIGHT_HOURS_2026_monthly_hours_600,RU8604005359,АО «ЮТЭЙР-Вертолетные услуги»,2026-12-31,год,monthly_hours_600,Сценарии новой сделки Ми-8,PROJECT_SCENARIO_FLIGHT_HOURS,Налет по сценарию,600.0,600,л.ч. в год,,модельный расчет,АК_Ютэйр_финансовая_модель.xlsx,Сценарии!D4,,нет,да,сценарий: 50 ч/мес; новая сделка Ми-8МТВ-1
RU8604005359_PROJECT_SCENARIO_HOURLY_RATE_BREAKEVEN_2026_monthly_hours_600,RU8604005359,АО «ЮТЭЙР-Вертолетные услуги»,2026-12-31,год,monthly_hours_600,Сценарии новой сделки Ми-8,PROJECT_SCENARIO_HOURLY_RATE_BREAKEVEN,Безубыточная ставка часа по сценарию,222976.06045880014,222976.06045880014,руб./л.ч.,RUB,модельный расчет,АК_Ютэйр_финансовая_модель.xlsx,Сценарии!D5,,нет,да,сценарий: 50 ч/мес; новая сделка Ми-8МТВ-1
RU8604005359_PROJECT_SCENARIO_REVENUE_2026_monthly_hours_600,RU8604005359,АО «ЮТЭЙР-Вертолетные услуги»,2026-12-31,год,monthly_hours_600,Сценарии новой сделки Ми-8,PROJECT_SCENARIO_REVENUE,Выручка по сценарию,30000.0,30000,тыс. руб.,RUB,модельный расчет,АК_Ютэйр_финансовая_модель.xlsx,Сценарии!D6,,нет,да,сценарий: 50 ч/мес; новая сделка Ми-8МТВ-1
RU8604005359_PROJECT_SCENARIO_EBITDA_2026_monthly_hours_600,RU8604005359,АО «ЮТЭЙР-Вертолетные услуги»,2026-12-31,год,monthly_hours_600,Сценарии новой сделки Ми-8,PROJECT_SCENARIO_EBITDA,EBITDA по сценарию,-211729.8362752801,-211729.8362752801,тыс. руб.,RUB,модельный расчет,АК_Ютэйр_финансовая_модель.xlsx,Сценарии!D7,,нет,да,сценарий: 50 ч/мес; новая сделка Ми-8МТВ-1
RU8604005359_PROJECT_SCENARIO_EBITDA_MARGIN_2026_monthly_hours_600,RU8604005359,АО «ЮТЭЙР-Вертолетные услуги»,2026-12-31,год,monthly_hours_600,Сценарии новой сделки Ми-8,PROJECT_SCENARIO_EBITDA_MARGIN,Маржа EBITDA по сценарию,-7.057661209176003,-7.057661209176003,%,,модельный расчет,АК_Ютэйр_финансовая_модель.xlsx,Сценарии!D8,,нет,да,сценарий: 50 ч/мес; новая сделка Ми-8МТВ-1
RU8604005359_PROJECT_SCENARIO_LEASE_PAYMENT_2026_monthly_hours_600,RU8604005359,АО «ЮТЭЙР-Вертолетные услуги»,2026-12-31,год,monthly_hours_600,Сценарии новой сделки Ми-8,PROJECT_SCENARIO_LEASE_PAYMENT,Лизинговый платеж по сценарию,91783.05808958119,91783.05808958119,тыс. руб.,RUB,модельный расчет,АК_Ютэйр_финансовая_модель.xlsx,Сценарии!D9,,нет,да,сценарий: 50 ч/мес; новая сделка Ми-8МТВ-1
RU8604005359_PROJECT_SCENARIO_DSCR_2026_monthly_hours_600,RU8604005359,АО «ЮТЭЙР-Вертолетные услуги»,2026-12-31,год,monthly_hours_600,Сценарии новой сделки Ми-8,PROJECT_SCENARIO_DSCR,DSCR по сценарию,-2.306850966641683,-2.306850966641683,x,,модельный расчет,АК_Ютэйр_финансовая_модель.xlsx,Сценарии!D12,,нет,да,сценарий: 50 ч/мес; новая сделка Ми-8МТВ-1
RU8604005359_PROJECT_SCENARIO_FLIGHT_HOURS_2026_monthly_hours_692.571,RU8604005359,АО «ЮТЭЙР-Вертолетные услуги»,2026-12-31,год,monthly_hours_692.571,Сценарии новой сделки Ми-8,PROJECT_SCENARIO_FLIGHT_HOURS,Налет по сценарию,692.5714284,692.5714284,л.ч. в год,,модельный расчет,АК_Ютэйр_финансовая_модель.xlsx,Сценарии!E4,,нет,да,"сценарий: 57,7 факт; новая сделка Ми-8МТВ-1"
RU8604005359_PROJECT_SCENARIO_HOURLY_RATE_BREAKEVEN_2026_monthly_hours_692.571,RU8604005359,АО «ЮТЭЙР-Вертолетные услуги»,2026-12-31,год,monthly_hours_692.571,Сценарии новой сделки Ми-8,PROJECT_SCENARIO_HOURLY_RATE_BREAKEVEN,Безубыточная ставка часа по сценарию,217948.85784473515,217948.85784473515,руб./л.ч.,RUB,модельный расчет,АК_Ютэйр_финансовая_модель.xlsx,Сценарии!E5,,нет,да,"сценарий: 57,7 факт; новая сделка Ми-8МТВ-1"
RU8604005359_PROJECT_SCENARIO_REVENUE_2026_monthly_hours_692.571,RU8604005359,АО «ЮТЭЙР-Вертолетные услуги»,2026-12-31,год,monthly_hours_692.571,Сценарии новой сделки Ми-8,PROJECT_SCENARIO_REVENUE,Выручка по сценарию,30000.0,30000,тыс. руб.,RUB,модельный расчет,АК_Ютэйр_финансовая_модель.xlsx,Сценарии!E6,,нет,да,"сценарий: 57,7 факт; новая сделка Ми-8МТВ-1"
RU8604005359_PROJECT_SCENARIO_EBITDA_2026_monthly_hours_692.571,RU8604005359,АО «ЮТЭЙР-Вертолетные услуги»,2026-12-31,год,monthly_hours_692.571,Сценарии новой сделки Ми-8,PROJECT_SCENARIO_EBITDA,EBITDA по сценарию,-245543.59976483556,-245543.59976483556,тыс. руб.,RUB,модельный расчет,АК_Ютэйр_финансовая_модель.xlsx,Сценарии!E7,,нет,да,"сценарий: 57,7 факт; новая сделка Ми-8МТВ-1"
RU8604005359_PROJECT_SCENARIO_EBITDA_MARGIN_2026_monthly_hours_692.571,RU8604005359,АО «ЮТЭЙР-Вертолетные услуги»,2026-12-31,год,monthly_hours_692.571,Сценарии новой сделки Ми-8,PROJECT_SCENARIO_EBITDA_MARGIN,Маржа EBITDA по сценарию,-8.184786658827852,-8.184786658827852,%,,модельный расчет,АК_Ютэйр_финансовая_модель.xlsx,Сценарии!E8,,нет,да,"сценарий: 57,7 факт; новая сделка Ми-8МТВ-1"
RU8604005359_PROJECT_SCENARIO_LEASE_PAYMENT_2026_monthly_hours_692.571,RU8604005359,АО «ЮТЭЙР-Вертолетные услуги»,2026-12-31,год,monthly_hours_692.571,Сценарии новой сделки Ми-8,PROJECT_SCENARIO_LEASE_PAYMENT,Лизинговый платеж по сценарию,91783.05808958119,91783.05808958119,тыс. руб.,RUB,модельный расчет,АК_Ютэйр_финансовая_модель.xlsx,Сценарии!E9,,нет,да,"сценарий: 57,7 факт; новая сделка Ми-8МТВ-1"
RU8604005359_PROJECT_SCENARIO_DSCR_2026_monthly_hours_692.571,RU8604005359,АО «ЮТЭЙР-Вертолетные услуги»,2026-12-31,год,monthly_hours_692.571,Сценарии новой сделки Ми-8,PROJECT_SCENARIO_DSCR,DSCR по сценарию,-2.6752606077385495,-2.6752606077385495,x,,модельный расчет,АК_Ютэйр_финансовая_модель.xlsx,Сценарии!E12,,нет,да,"сценарий: 57,7 факт; новая сделка Ми-8МТВ-1"
RU8604005359_PROJECT_SCENARIO_FLIGHT_HOURS_2026_monthly_hours_720,RU8604005359,АО «ЮТЭЙР-Вертолетные услуги»,2026-12-31,год,monthly_hours_720,Сценарии новой сделки Ми-8,PROJECT_SCENARIO_FLIGHT_HOURS,Налет по сценарию,720.0,720,л.ч. в год,,модельный расчет,АК_Ютэйр_финансовая_модель.xlsx,Сценарии!F4,,нет,да,сценарий: 60 ч/мес; новая сделка Ми-8МТВ-1
RU8604005359_PROJECT_SCENARIO_HOURLY_RATE_BREAKEVEN_2026_monthly_hours_720,RU8604005359,АО «ЮТЭЙР-Вертолетные услуги»,2026-12-31,год,monthly_hours_720,Сценарии новой сделки Ми-8,PROJECT_SCENARIO_HOURLY_RATE_BREAKEVEN,Безубыточная ставка часа по сценарию,216723.1203446743,216723.1203446743,руб./л.ч.,RUB,модельный расчет,АК_Ютэйр_финансовая_модель.xlsx,Сценарии!F5,,нет,да,сценарий: 60 ч/мес; новая сделка Ми-8МТВ-1
RU8604005359_PROJECT_SCENARIO_REVENUE_2026_monthly_hours_720,RU8604005359,АО «ЮТЭЙР-Вертолетные услуги»,2026-12-31,год,monthly_hours_720,Сценарии новой сделки Ми-8,PROJECT_SCENARIO_REVENUE,Выручка по сценарию,30000.0,30000,тыс. руб.,RUB,модельный расчет,АК_Ютэйр_финансовая_модель.xlsx,Сценарии!F6,,нет,да,сценарий: 60 ч/мес; новая сделка Ми-8МТВ-1
RU8604005359_PROJECT_SCENARIO_EBITDA_2026_monthly_hours_720,RU8604005359,АО «ЮТЭЙР-Вертолетные услуги»,2026-12-31,год,monthly_hours_720,Сценарии новой сделки Ми-8,PROJECT_SCENARIO_EBITDA,EBITDA по сценарию,-255573.68664816552,-255573.68664816552,тыс. руб.,RUB,модельный расчет,АК_Ютэйр_финансовая_модель.xlsx,Сценарии!F7,,нет,да,сценарий: 60 ч/мес; новая сделка Ми-8МТВ-1
RU8604005359_PROJECT_SCENARIO_EBITDA_MARGIN_2026_monthly_hours_720,RU8604005359,АО «ЮТЭЙР-Вертолетные услуги»,2026-12-31,год,monthly_hours_720,Сценарии новой сделки Ми-8,PROJECT_SCENARIO_EBITDA_MARGIN,Маржа EBITDA по сценарию,-8.519122888272184,-8.519122888272184,%,,модельный расчет,АК_Ютэйр_финансовая_модель.xlsx,Сценарии!F8,,нет,да,сценарий: 60 ч/мес; новая сделка Ми-8МТВ-1
RU8604005359_PROJECT_SCENARIO_LEASE_PAYMENT_2026_monthly_hours_720,RU8604005359,АО «ЮТЭЙР-Вертолетные услуги»,2026-12-31,год,monthly_hours_720,Сценарии новой сделки Ми-8,PROJECT_SCENARIO_LEASE_PAYMENT,Лизинговый платеж по сценарию,91783.05808958119,91783.05808958119,тыс. руб.,RUB,модельный расчет,АК_Ютэйр_финансовая_модель.xlsx,Сценарии!F9,,нет,да,сценарий: 60 ч/мес; новая сделка Ми-8МТВ-1
RU8604005359_PROJECT_SCENARIO_DSCR_2026_monthly_hours_720,RU8604005359,АО «ЮТЭЙР-Вертолетные услуги»,2026-12-31,год,monthly_hours_720,Сценарии новой сделки Ми-8,PROJECT_SCENARIO_DSCR,DSCR по сценарию,-2.7845409813946604,-2.7845409813946604,x,,модельный расчет,АК_Ютэйр_финансовая_модель.xlsx,Сценарии!F12,,нет,да,сценарий: 60 ч/мес; новая сделка Ми-8МТВ-1
RU8604005359_PROJECT_SCENARIO_FLIGHT_HOURS_2026_monthly_hours_840,RU8604005359,АО «ЮТЭЙР-Вертолетные услуги»,2026-12-31,год,monthly_hours_840,Сценарии новой сделки Ми-8,PROJECT_SCENARIO_FLIGHT_HOURS,Налет по сценарию,840.0,840,л.ч. в год,,модельный расчет,АК_Ютэйр_финансовая_модель.xlsx,Сценарии!G4,,нет,да,сценарий: 70 ч/мес; новая сделка Ми-8МТВ-1
RU8604005359_PROJECT_SCENARIO_HOURLY_RATE_BREAKEVEN_2026_monthly_hours_840,RU8604005359,АО «ЮТЭЙР-Вертолетные услуги»,2026-12-31,год,monthly_hours_840,Сценарии новой сделки Ми-8,PROJECT_SCENARIO_HOURLY_RATE_BREAKEVEN,Безубыточная ставка часа по сценарию,212353.27652408375,212353.27652408375,руб./л.ч.,RUB,модельный расчет,АК_Ютэйр_финансовая_модель.xlsx,Сценарии!G5,,нет,да,сценарий: 70 ч/мес; новая сделка Ми-8МТВ-1
RU8604005359_PROJECT_SCENARIO_REVENUE_2026_monthly_hours_840,RU8604005359,АО «ЮТЭЙР-Вертолетные услуги»,2026-12-31,год,monthly_hours_840,Сценарии новой сделки Ми-8,PROJECT_SCENARIO_REVENUE,Выручка по сценарию,30000.0,30000,тыс. руб.,RUB,модельный расчет,АК_Ютэйр_финансовая_модель.xlsx,Сценарии!G6,,нет,да,сценарий: 70 ч/мес; новая сделка Ми-8МТВ-1
RU8604005359_PROJECT_SCENARIO_EBITDA_2026_monthly_hours_840,RU8604005359,АО «ЮТЭЙР-Вертолетные услуги»,2026-12-31,год,monthly_hours_840,Сценарии новой сделки Ми-8,PROJECT_SCENARIO_EBITDA,EBITDA по сценарию,-299498.63228023035,-299498.63228023035,тыс. руб.,RUB,модельный расчет,АК_Ютэйр_финансовая_модель.xlsx,Сценарии!G7,,нет,да,сценарий: 70 ч/мес; новая сделка Ми-8МТВ-1
RU8604005359_PROJECT_SCENARIO_EBITDA_MARGIN_2026_monthly_hours_840,RU8604005359,АО «ЮТЭЙР-Вертолетные услуги»,2026-12-31,год,monthly_hours_840,Сценарии новой сделки Ми-8,PROJECT_SCENARIO_EBITDA_MARGIN,Маржа EBITDA по сценарию,-9.983287742674344,-9.983287742674344,%,,модельный расчет,АК_Ютэйр_финансовая_модель.xlsx,Сценарии!G8,,нет,да,сценарий: 70 ч/мес; новая сделка Ми-8МТВ-1
RU8604005359_PROJECT_SCENARIO_LEASE_PAYMENT_2026_monthly_hours_840,RU8604005359,АО «ЮТЭЙР-Вертолетные услуги»,2026-12-31,год,monthly_hours_840,Сценарии новой сделки Ми-8,PROJECT_SCENARIO_LEASE_PAYMENT,Лизинговый платеж по сценарию,91783.05808958119,91783.05808958119,тыс. руб.,RUB,модельный расчет,АК_Ютэйр_финансовая_модель.xlsx,Сценарии!G9,,нет,да,сценарий: 70 ч/мес; новая сделка Ми-8МТВ-1
RU8604005359_PROJECT_SCENARIO_DSCR_2026_monthly_hours_840,RU8604005359,АО «ЮТЭЙР-Вертолетные услуги»,2026-12-31,год,monthly_hours_840,Сценарии новой сделки Ми-8,PROJECT_SCENARIO_DSCR,DSCR по сценарию,-3.263114549832461,-3.263114549832461,x,,модельный расчет,АК_Ютэйр_финансовая_модель.xlsx,Сценарии!G12,,нет,да,сценарий: 70 ч/мес; новая сделка Ми-8МТВ-1
RU8604005359_PROJECT_SCENARIO_FLIGHT_HOURS_2026_monthly_hours_960,RU8604005359,АО «ЮТЭЙР-Вертолетные услуги»,2026-12-31,год,monthly_hours_960,Сценарии новой сделки Ми-8,PROJECT_SCENARIO_FLIGHT_HOURS,Налет по сценарию,960.0,960,л.ч. в год,,модельный расчет,АК_Ютэйр_финансовая_модель.xlsx,Сценарии!H4,,нет,да,сценарий: 80 ч/мес; новая сделка Ми-8МТВ-1
RU8604005359_PROJECT_SCENARIO_HOURLY_RATE_BREAKEVEN_2026_monthly_hours_960,RU8604005359,АО «ЮТЭЙР-Вертолетные услуги»,2026-12-31,год,monthly_hours_960,Сценарии новой сделки Ми-8,PROJECT_SCENARIO_HOURLY_RATE_BREAKEVEN,Безубыточная ставка часа по сценарию,209129.20011414905,209129.20011414905,руб./л.ч.,RUB,модельный расчет,АК_Ютэйр_финансовая_модель.xlsx,Сценарии!H5,,нет,да,сценарий: 80 ч/мес; новая сделка Ми-8МТВ-1
RU8604005359_PROJECT_SCENARIO_REVENUE_2026_monthly_hours_960,RU8604005359,АО «ЮТЭЙР-Вертолетные услуги»,2026-12-31,год,monthly_hours_960,Сценарии новой сделки Ми-8,PROJECT_SCENARIO_REVENUE,Выручка по сценарию,30000.0,30000,тыс. руб.,RUB,модельный расчет,АК_Ютэйр_финансовая_модель.xlsx,Сценарии!H6,,нет,да,сценарий: 80 ч/мес; новая сделка Ми-8МТВ-1
RU8604005359_PROJECT_SCENARIO_EBITDA_2026_monthly_hours_960,RU8604005359,АО «ЮТЭЙР-Вертолетные услуги»,2026-12-31,год,monthly_hours_960,Сценарии новой сделки Ми-8,PROJECT_SCENARIO_EBITDA,EBITDA по сценарию,-343474.7521095831,-343474.7521095831,тыс. руб.,RUB,модельный расчет,АК_Ютэйр_финансовая_модель.xlsx,Сценарии!H7,,нет,да,сценарий: 80 ч/мес; новая сделка Ми-8МТВ-1
RU8604005359_PROJECT_SCENARIO_EBITDA_MARGIN_2026_monthly_hours_960,RU8604005359,АО «ЮТЭЙР-Вертолетные услуги»,2026-12-31,год,monthly_hours_960,Сценарии новой сделки Ми-8,PROJECT_SCENARIO_EBITDA_MARGIN,Маржа EBITDA по сценарию,-11.44915840365277,-11.44915840365277,%,,модельный расчет,АК_Ютэйр_финансовая_модель.xlsx,Сценарии!H8,,нет,да,сценарий: 80 ч/мес; новая сделка Ми-8МТВ-1
RU8604005359_PROJECT_SCENARIO_LEASE_PAYMENT_2026_monthly_hours_960,RU8604005359,АО «ЮТЭЙР-Вертолетные услуги»,2026-12-31,год,monthly_hours_960,Сценарии новой сделки Ми-8,PROJECT_SCENARIO_LEASE_PAYMENT,Лизинговый платеж по сценарию,91783.05808958119,91783.05808958119,тыс. руб.,RUB,модельный расчет,АК_Ютэйр_финансовая_модель.xlsx,Сценарии!H9,,нет,да,сценарий: 80 ч/мес; новая сделка Ми-8МТВ-1
RU8604005359_PROJECT_SCENARIO_DSCR_2026_monthly_hours_960,RU8604005359,АО «ЮТЭЙР-Вертолетные услуги»,2026-12-31,год,monthly_hours_960,Сценарии новой сделки Ми-8,PROJECT_SCENARIO_DSCR,DSCR по сценарию,-3.742245674298064,-3.742245674298064,x,,модельный расчет,АК_Ютэйр_финансовая_модель.xlsx,Сценарии!H12,,нет,да,сценарий: 80 ч/мес; новая сделка Ми-8МТВ-1
RU8604005359_MODEL_NET_PROFIT_2022,RU8604005359,АО «ЮТЭЙР-Вертолетные услуги»,2022-12-31,год,base,Кредитный анализ - модельные оценки,MODEL_NET_PROFIT,Чистая прибыль - модельный источник,-869957.0,-869957,тыс. руб.,RUB,косвенная модельная оценка,АК_Ютэйр_финансовая_модель.xlsx,Кредитный анализ!B4,,нет,да,не заменяет подтвержденный показатель отчетности
RU8604005359_MODEL_DEPRECIATION_8PCT_2022,RU8604005359,АО «ЮТЭЙР-Вертолетные услуги»,2022-12-31,год,base,Кредитный анализ - модельные оценки,MODEL_DEPRECIATION_8PCT,Амортизация - оценка модели 8%,1074683.0,1074683,тыс. руб.,RUB,косвенная модельная оценка,АК_Ютэйр_финансовая_модель.xlsx,Кредитный анализ!B5,,нет,да,не заменяет подтвержденный показатель отчетности
RU8604005359_MODEL_WORKING_CAPITAL_CHANGE_2022,RU8604005359,АО «ЮТЭЙР-Вертолетные услуги»,2022-12-31,год,base,Кредитный анализ - модельные оценки,MODEL_WORKING_CAPITAL_CHANGE,Изменение оборотного капитала - модель,-2171271.0,-2171271,тыс. руб.,RUB,косвенная модельная оценка,АК_Ютэйр_финансовая_модель.xlsx,Кредитный анализ!B6,,нет,да,не заменяет подтвержденный показатель отчетности
RU8604005359_MODEL_CFO_PROXY_2022,RU8604005359,АО «ЮТЭЙР-Вертолетные услуги»,2022-12-31,год,base,Кредитный анализ - модельные оценки,MODEL_CFO_PROXY,Операционный денежный поток - косвенная оценка,-1966545.0,-1966545,тыс. руб.,RUB,косвенная модельная оценка,АК_Ютэйр_финансовая_модель.xlsx,Кредитный анализ!B7,,нет,да,не заменяет подтвержденный показатель отчетности
RU8604005359_MODEL_CAPEX_PROXY_2022,RU8604005359,АО «ЮТЭЙР-Вертолетные услуги»,2022-12-31,год,base,Кредитный анализ - модельные оценки,MODEL_CAPEX_PROXY,CapEx - косвенная оценка,11256834.0,11256834,тыс. руб.,RUB,косвенная модельная оценка,АК_Ютэйр_финансовая_модель.xlsx,Кредитный анализ!B8,,нет,да,не заменяет подтвержденный показатель отчетности
RU8604005359_MODEL_FCF_CAPEX_PROXY_2022,RU8604005359,АО «ЮТЭЙР-Вертолетные услуги»,2022-12-31,год,base,Кредитный анализ - модельные оценки,MODEL_FCF_CAPEX_PROXY,Свободный денежный поток после CapEx - косвенная оценка,-13223379.0,-13223379,тыс. руб.,RUB,косвенная модельная оценка,АК_Ютэйр_финансовая_модель.xlsx,Кредитный анализ!B9,,нет,да,не заменяет подтвержденный показатель отчетности
RU8604005359_MODEL_NET_DEBT_MOVEMENT_2022,RU8604005359,АО «ЮТЭЙР-Вертолетные услуги»,2022-12-31,год,base,Кредитный анализ - модельные оценки,MODEL_NET_DEBT_MOVEMENT,Изменение чистого долга - модель,6844544.0,6844544,тыс. руб.,RUB,косвенная модельная оценка,АК_Ютэйр_финансовая_модель.xlsx,Кредитный анализ!B10,,нет,да,не заменяет подтвержденный показатель отчетности
RU8604005359_MODEL_FCFE_PROXY_2022,RU8604005359,АО «ЮТЭЙР-Вертолетные услуги»,2022-12-31,год,base,Кредитный анализ - модельные оценки,MODEL_FCFE_PROXY,FCFE - косвенная оценка,-6378835.0,-6378835,тыс. руб.,RUB,косвенная модельная оценка,АК_Ютэйр_финансовая_модель.xlsx,Кредитный анализ!B11,,нет,да,не заменяет подтвержденный показатель отчетности
RU8604005359_MODEL_INTEREST_PAYABLE_2022,RU8604005359,АО «ЮТЭЙР-Вертолетные услуги»,2022-12-31,год,base,Кредитный анализ - модельные оценки,MODEL_INTEREST_PAYABLE,Проценты к уплате - модель,1982282.0,1982282,тыс. руб.,RUB,косвенная модельная оценка,АК_Ютэйр_финансовая_модель.xlsx,Кредитный анализ!B12,,нет,да,не заменяет подтвержденный показатель отчетности
RU8604005359_MODEL_NET_PROFIT_2023,RU8604005359,АО «ЮТЭЙР-Вертолетные услуги»,2023-12-31,год,base,Кредитный анализ - модельные оценки,MODEL_NET_PROFIT,Чистая прибыль - модельный источник,630542.0,630542,тыс. руб.,RUB,косвенная модельная оценка,АК_Ютэйр_финансовая_модель.xlsx,Кредитный анализ!C4,,нет,да,не заменяет подтвержденный показатель отчетности
RU8604005359_MODEL_DEPRECIATION_8PCT_2023,RU8604005359,АО «ЮТЭЙР-Вертолетные услуги»,2023-12-31,год,base,Кредитный анализ - модельные оценки,MODEL_DEPRECIATION_8PCT,Амортизация - оценка модели 8%,1846023.0,1846023,тыс. руб.,RUB,косвенная модельная оценка,АК_Ютэйр_финансовая_модель.xlsx,Кредитный анализ!C5,,нет,да,не заменяет подтвержденный показатель отчетности
RU8604005359_MODEL_WORKING_CAPITAL_CHANGE_2023,RU8604005359,АО «ЮТЭЙР-Вертолетные услуги»,2023-12-31,год,base,Кредитный анализ - модельные оценки,MODEL_WORKING_CAPITAL_CHANGE,Изменение оборотного капитала - модель,-1260160.0,-1260160,тыс. руб.,RUB,косвенная модельная оценка,АК_Ютэйр_финансовая_модель.xlsx,Кредитный анализ!C6,,нет,да,не заменяет подтвержденный показатель отчетности
RU8604005359_MODEL_CFO_PROXY_2023,RU8604005359,АО «ЮТЭЙР-Вертолетные услуги»,2023-12-31,год,base,Кредитный анализ - модельные оценки,MODEL_CFO_PROXY,Операционный денежный поток - косвенная оценка,1216405.0,1216405,тыс. руб.,RUB,косвенная модельная оценка,АК_Ютэйр_финансовая_модель.xlsx,Кредитный анализ!C7,,нет,да,не заменяет подтвержденный показатель отчетности
RU8604005359_MODEL_CAPEX_PROXY_2023,RU8604005359,АО «ЮТЭЙР-Вертолетные услуги»,2023-12-31,год,base,Кредитный анализ - модельные оценки,MODEL_CAPEX_PROXY,CapEx - косвенная оценка,10947362.0,10947362,тыс. руб.,RUB,косвенная модельная оценка,АК_Ютэйр_финансовая_модель.xlsx,Кредитный анализ!C8,,нет,да,не заменяет подтвержденный показатель отчетности
RU8604005359_MODEL_FCF_CAPEX_PROXY_2023,RU8604005359,АО «ЮТЭЙР-Вертолетные услуги»,2023-12-31,год,base,Кредитный анализ - модельные оценки,MODEL_FCF_CAPEX_PROXY,Свободный денежный поток после CapEx - косвенная оценка,-9730957.0,-9730957,тыс. руб.,RUB,косвенная модельная оценка,АК_Ютэйр_финансовая_модель.xlsx,Кредитный анализ!C9,,нет,да,не заменяет подтвержденный показатель отчетности
RU8604005359_MODEL_NET_DEBT_MOVEMENT_2023,RU8604005359,АО «ЮТЭЙР-Вертолетные услуги»,2023-12-31,год,base,Кредитный анализ - модельные оценки,MODEL_NET_DEBT_MOVEMENT,Изменение чистого долга - модель,4433211.0,4433211,тыс. руб.,RUB,косвенная модельная оценка,АК_Ютэйр_финансовая_модель.xlsx,Кредитный анализ!C10,,нет,да,не заменяет подтвержденный показатель отчетности
RU8604005359_MODEL_FCFE_PROXY_2023,RU8604005359,АО «ЮТЭЙР-Вертолетные услуги»,2023-12-31,год,base,Кредитный анализ - модельные оценки,MODEL_FCFE_PROXY,FCFE - косвенная оценка,-5297746.0,-5297746,тыс. руб.,RUB,косвенная модельная оценка,АК_Ютэйр_финансовая_модель.xlsx,Кредитный анализ!C11,,нет,да,не заменяет подтвержденный показатель отчетности
RU8604005359_MODEL_INTEREST_PAYABLE_2023,RU8604005359,АО «ЮТЭЙР-Вертолетные услуги»,2023-12-31,год,base,Кредитный анализ - модельные оценки,MODEL_INTEREST_PAYABLE,Проценты к уплате - модель,2158032.0,2158032,тыс. руб.,RUB,косвенная модельная оценка,АК_Ютэйр_финансовая_модель.xlsx,Кредитный анализ!C12,,нет,да,не заменяет подтвержденный показатель отчетности
RU8604005359_MODEL_NET_PROFIT_2024,RU8604005359,АО «ЮТЭЙР-Вертолетные услуги»,2024-12-31,год,base,Кредитный анализ - модельные оценки,MODEL_NET_PROFIT,Чистая прибыль - модельный источник,-341859.0,-341859,тыс. руб.,RUB,косвенная модельная оценка,АК_Ютэйр_финансовая_модель.xlsx,Кредитный анализ!D4,,нет,да,не заменяет подтвержденный показатель отчетности
RU8604005359_MODEL_DEPRECIATION_8PCT_2024,RU8604005359,АО «ЮТЭЙР-Вертолетные услуги»,2024-12-31,год,base,Кредитный анализ - модельные оценки,MODEL_DEPRECIATION_8PCT,Амортизация - оценка модели 8%,2450670.0,2450670,тыс. руб.,RUB,косвенная модельная оценка,АК_Ютэйр_финансовая_модель.xlsx,Кредитный анализ!D5,,нет,да,не заменяет подтвержденный показатель отчетности
RU8604005359_MODEL_WORKING_CAPITAL_CHANGE_2024,RU8604005359,АО «ЮТЭЙР-Вертолетные услуги»,2024-12-31,год,base,Кредитный анализ - модельные оценки,MODEL_WORKING_CAPITAL_CHANGE,Изменение оборотного капитала - модель,-2371854.0,-2371854,тыс. руб.,RUB,косвенная модельная оценка,АК_Ютэйр_финансовая_модель.xlsx,Кредитный анализ!D6,,нет,да,не заменяет подтвержденный показатель отчетности
RU8604005359_MODEL_CFO_PROXY_2024,RU8604005359,АО «ЮТЭЙР-Вертолетные услуги»,2024-12-31,год,base,Кредитный анализ - модельные оценки,MODEL_CFO_PROXY,Операционный денежный поток - косвенная оценка,-263043.0,-263043,тыс. руб.,RUB,косвенная модельная оценка,АК_Ютэйр_финансовая_модель.xlsx,Кредитный анализ!D7,,нет,да,не заменяет подтвержденный показатель отчетности
RU8604005359_MODEL_CAPEX_PROXY_2024,RU8604005359,АО «ЮТЭЙР-Вертолетные услуги»,2024-12-31,год,base,Кредитный анализ - модельные оценки,MODEL_CAPEX_PROXY,CapEx - косвенная оценка,8468057.0,8468057,тыс. руб.,RUB,косвенная модельная оценка,АК_Ютэйр_финансовая_модель.xlsx,Кредитный анализ!D8,,нет,да,не заменяет подтвержденный показатель отчетности
RU8604005359_MODEL_FCF_CAPEX_PROXY_2024,RU8604005359,АО «ЮТЭЙР-Вертолетные услуги»,2024-12-31,год,base,Кредитный анализ - модельные оценки,MODEL_FCF_CAPEX_PROXY,Свободный денежный поток после CapEx - косвенная оценка,-8731100.0,-8731100,тыс. руб.,RUB,косвенная модельная оценка,АК_Ютэйр_финансовая_модель.xlsx,Кредитный анализ!D9,,нет,да,не заменяет подтвержденный показатель отчетности
RU8604005359_MODEL_NET_DEBT_MOVEMENT_2024,RU8604005359,АО «ЮТЭЙР-Вертолетные услуги»,2024-12-31,год,base,Кредитный анализ - модельные оценки,MODEL_NET_DEBT_MOVEMENT,Изменение чистого долга - модель,471108.0,471108,тыс. руб.,RUB,косвенная модельная оценка,АК_Ютэйр_финансовая_модель.xlsx,Кредитный анализ!D10,,нет,да,не заменяет подтвержденный показатель отчетности
RU8604005359_MODEL_FCFE_PROXY_2024,RU8604005359,АО «ЮТЭЙР-Вертолетные услуги»,2024-12-31,год,base,Кредитный анализ - модельные оценки,MODEL_FCFE_PROXY,FCFE - косвенная оценка,-8259992.0,-8259992,тыс. руб.,RUB,косвенная модельная оценка,АК_Ютэйр_финансовая_модель.xlsx,Кредитный анализ!D11,,нет,да,не заменяет подтвержденный показатель отчетности
RU8604005359_MODEL_INTEREST_PAYABLE_2024,RU8604005359,АО «ЮТЭЙР-Вертолетные услуги»,2024-12-31,год,base,Кредитный анализ - модельные оценки,MODEL_INTEREST_PAYABLE,Проценты к уплате - модель,2259411.0,2259411,тыс. руб.,RUB,косвенная модельная оценка,АК_Ютэйр_финансовая_модель.xlsx,Кредитный анализ!D12,,нет,да,не заменяет подтвержденный показатель отчетности
